# BRISTOL BAY SOCKEYE RETURNS BY AGE,,,,,,,,,,,,,,,,,,,,,
# Data provided by Curry Cunningham (U of A - Fairbanks) in June 2026,,,,,,,,,,,,,,,,,,,,,
System,River,ReturnYear,Total_Returns,AgeClass_0.1,AgeClass_0.2,AgeClass_0.3,AgeClass_0.4,AgeClass_0.5,AgeClass_1.1,AgeClass_1.2,AgeClass_1.3,AgeClass_1.4,AgeClass_1.5,AgeClass_2.1,AgeClass_2.2,AgeClass_2.3,AgeClass_2.4,AgeClass_3.1,AgeClass_3.2,AgeClass_3.3,AgeClass_3.4
Bristol Bay,Alagnak,1963,378138.28,0.00,0.00,0.00,0.00,0.00,0.00,331299.99,13119.73,0.00,0.00,0.00,20219.16,13499.40,0.00,0.00,0.00,0.00,0.00
Bristol Bay,Alagnak,1964,759383.05,0.00,0.00,0.00,0.00,0.00,4468.52,121361.34,338122.23,0.00,0.00,0.00,286853.66,8577.30,0.00,0.00,0.00,0.00,0.00
Bristol Bay,Alagnak,1965,397860.61,0.00,0.00,727.07,0.00,0.00,11965.31,50293.25,116448.34,0.00,0.00,0.00,166914.94,50738.89,0.00,0.00,772.80,0.00,0.00
Bristol Bay,Alagnak,1966,394077.16,0.00,0.00,0.00,0.00,0.00,0.00,110266.24,232930.74,0.00,0.00,0.00,6138.96,43428.89,0.00,0.00,0.00,1312.32,0.00
Bristol Bay,Alagnak,1967,344305.59,0.00,0.00,0.00,0.00,0.00,6377.30,231001.91,104885.03,0.00,0.00,415.02,1626.33,0.00,0.00,0.00,0.00,0.00,0.00
Bristol Bay,Alagnak,1968,314033.56,0.00,0.00,0.00,0.00,0.00,8480.04,97650.42,151684.16,0.00,0.00,1880.28,30953.02,22573.02,0.00,0.00,812.61,0.00,0.00
Bristol Bay,Alagnak,1969,324288.96,0.00,0.00,0.00,0.00,0.00,9662.47,110322.96,90731.09,0.00,0.00,509.93,112243.30,819.21,0.00,0.00,0.00,0.00,0.00
Bristol Bay,Alagnak,1970,500779.51,0.00,0.00,0.00,0.00,0.00,5829.78,304544.09,88347.85,0.00,0.00,0.00,29040.27,73017.51,0.00,0.00,0.00,0.00,0.00
Bristol Bay,Alagnak,1971,537293.52,0.00,410.64,461.17,0.00,0.00,8143.46,260360.13,229247.62,5497.06,0.00,2325.19,13317.46,17530.80,0.00,0.00,0.00,0.00,0.00
Bristol Bay,Alagnak,1972,302589.31,0.00,0.00,0.00,0.00,0.00,0.00,182414.45,52163.07,0.00,0.00,0.00,59199.57,8812.23,0.00,0.00,0.00,0.00,0.00
Bristol Bay,Alagnak,1973,63552.97,0.00,0.00,0.00,0.00,0.00,0.00,1353.56,52504.17,0.00,0.00,0.00,685.37,9009.87,0.00,0.00,0.00,0.00,0.00
Bristol Bay,Alagnak,1974,247579.73,0.00,0.00,0.00,0.00,0.00,1232.55,78027.48,54756.53,2129.57,0.00,0.00,108529.17,2904.43,0.00,0.00,0.00,0.00,0.00
Bristol Bay,Alagnak,1975,112656.70,0.00,0.00,0.00,0.00,0.00,1462.13,28837.92,58491.20,0.00,0.00,0.00,8320.09,15545.36,0.00,0.00,0.00,0.00,0.00
Bristol Bay,Alagnak,1976,157449.67,0.00,0.00,0.00,0.00,0.00,0.00,70319.72,56203.80,0.00,0.00,0.00,30123.17,802.98,0.00,0.00,0.00,0.00,0.00
Bristol Bay,Alagnak,1977,234915.33,0.00,0.00,0.00,0.00,0.00,0.00,0.00,27572.16,0.00,0.00,0.00,0.00,207343.17,0.00,0.00,0.00,0.00,0.00
Bristol Bay,Alagnak,1978,1110702.15,0.00,0.00,1910.67,3098.55,0.00,0.00,722581.36,6686.64,0.00,0.00,0.00,350599.52,0.00,0.00,0.00,24813.55,1011.87,0.00
Bristol Bay,Alagnak,1979,1620186.94,0.00,0.00,0.00,0.00,0.00,0.00,0.00,0.00,1377.89,0.00,0.00,1551297.18,0.00,0.00,0.00,67511.86,0.00,0.00
Bristol Bay,Alagnak,1980,855660.86,0.00,0.01,77257.47,0.00,0.00,163393.68,0.01,467274.99,1866.98,0.00,1.46,0.02,0.21,0.00,62200.61,0.14,83665.27,0.00
Bristol Bay,Alagnak,1981,667234.70,0.00,0.00,3286.81,0.00,0.00,0.00,0.00,157897.42,0.00,0.00,0.00,0.00,492798.40,0.00,0.00,0.00,13252.07,0.00
Bristol Bay,Alagnak,1982,1345575.82,0.00,0.00,0.00,0.00,0.00,0.00,561752.38,689174.64,0.00,0.00,0.00,0.00,94648.80,0.00,0.00,0.00,0.00,0.00
Bristol Bay,Alagnak,1983,2664575.18,0.00,0.00,1044.82,0.00,0.00,0.00,947783.06,1026219.17,0.00,0.00,16623.34,512955.09,145046.23,14903.46,0.00,0.00,0.00,0.00
Bristol Bay,Alagnak,1984,1193249.44,0.00,0.00,4639.56,0.00,0.00,0.00,0.00,81154.76,15371.06,0.00,0.00,1047576.63,0.00,0.00,0.00,42749.69,1757.74,0.00
Bristol Bay,Alagnak,1985,843580.11,0.00,0.00,0.00,0.00,0.00,0.00,174414.66,368591.13,14173.23,0.00,0.00,269864.31,0.00,16536.78,0.00,0.00,0.00,0.00
Bristol Bay,Alagnak,1986,1020938.71,0.00,0.00,6006.85,0.00,0.00,6508.43,0.00,1008291.55,0.00,0.00,0.00,0.00,0.00,131.89,0.00,0.00,0.00,0.00
Bristol Bay,Alagnak,1987,780737.32,0.00,560.96,12695.21,0.00,0.00,0.00,0.00,767481.15,0.00,0.00,0.00,0.00,0.00,0.00,0.00,0.00,0.00,0.00
Bristol Bay,Alagnak,1988,851134.60,0.00,0.00,6532.23,0.00,0.00,6814.91,403722.29,434065.17,0.00,0.00,0.00,0.00,0.00,0.00,0.00,0.00,0.00,0.00
Bristol Bay,Alagnak,1989,1379369.77,0.00,0.00,39050.60,1631.85,0.00,0.00,86570.43,1250869.73,0.00,0.00,0.00,0.00,1247.16,0.00,0.00,0.00,0.00,0.00
Bristol Bay,Alagnak,1990,1591425.19,0.00,0.00,0.00,0.00,0.00,0.00,0.00,792074.18,25116.48,0.00,0.00,0.00,772146.24,0.00,0.00,0.00,2088.29,0.00
Bristol Bay,Alagnak,1991,1684654.87,0.00,0.00,0.00,2446.31,0.00,0.00,0.00,954824.08,0.00,0.00,0.00,0.00,720017.36,4441.25,0.00,0.00,2925.87,0.00
Bristol Bay,Alagnak,1992,1461638.59,0.00,0.00,0.00,0.00,0.00,0.00,0.00,394531.99,0.00,0.00,0.00,0.00,1066241.37,0.00,0.00,0.00,865.22,0.00
Bristol Bay,Alagnak,1993,2451734.91,0.00,0.00,0.00,0.00,0.00,100366.26,712704.84,638576.41,0.00,0.00,0.00,615410.94,374484.41,0.00,0.00,1392.63,8799.43,0.00
Bristol Bay,Alagnak,1994,2062023.40,0.00,0.00,3138.08,1365.06,0.00,23838.30,0.00,1322636.53,19833.51,0.00,0.00,691211.91,0.00,0.00,0.00,0.00,0.00,0.00
Bristol Bay,Alagnak,1995,2198777.94,0.00,0.00,0.00,240.76,0.00,0.00,1012274.36,1174114.76,12148.05,0.00,0.00,0.00,0.00,0.00,0.00,0.00,0.00,0.00
Bristol Bay,Alagnak,1996,2383541.74,0.00,0.00,35663.28,0.00,0.00,0.00,0.00,2341905.26,4214.61,0.00,0.00,0.00,0.00,1758.58,0.00,0.00,0.00,0.00
Bristol Bay,Alagnak,1997,814336.20,0.00,0.00,10456.95,824.64,0.00,593413.38,1463.54,150356.32,0.00,0.00,0.00,0.00,53630.11,0.00,0.00,2601.05,1590.21,0.00
Bristol Bay,Alagnak,1998,1185591.30,0.00,0.00,1616.28,0.00,0.00,0.00,0.00,957262.24,0.00,0.00,0.00,226712.78,0.00,0.00,0.00,0.00,0.00,0.00
Bristol Bay,Alagnak,1999,3028936.65,0.00,0.00,0.00,0.00,0.00,0.00,2028132.49,688616.33,38.88,0.00,0.00,1106.67,311042.29,0.00,0.00,0.00,0.00,0.00
Bristol Bay,Alagnak,2000,2189169.95,0.00,0.00,0.00,11.85,0.00,5994.05,40387.31,1861831.56,11052.98,0.00,0.00,1922.91,259857.14,0.00,0.00,8112.15,0.00,0.00
Bristol Bay,Alagnak,2001,1186912.55,0.00,0.00,55.37,0.00,0.00,11639.28,1871.39,1167710.22,974.45,0.00,11.07,1162.70,3421.65,66.44,0.00,0.00,0.00,0.00
Bristol Bay,Alagnak,2002,941300.53,0.00,10.81,0.00,0.00,0.00,0.00,9903.01,625825.30,204767.56,0.00,8095.76,85372.13,7234.12,43.22,0.00,37.82,10.81,0.00
Bristol Bay,Alagnak,2003,4157797.35,0.00,0.00,0.00,0.00,0.00,2051.17,802308.80,2422101.57,41421.52,0.00,47.01,269435.09,620197.12,47.01,0.00,188.05,0.00,0.00
Bristol Bay,Alagnak,2004,7525949.14,0.00,0.00,13.26,0.00,0.00,39954.21,5559714.57,1213013.13,84.95,0.00,0.00,646231.01,56520.48,10148.84,0.00,0.00,0.00,268.68
Bristol Bay,Alagnak,2005,5224715.58,0.00,0.00,306.96,287.75,0.00,14.68,127914.75,4007257.57,277.28,0.00,17.90,34671.47,1053967.22,0.00,0.00,0.00,0.00,0.00
Bristol Bay,Alagnak,2006,3342878.92,0.00,0.00,6015.00,0.00,0.00,0.00,1774631.84,1366722.79,31485.87,0.00,0.00,37516.65,115780.49,10608.01,0.00,72.45,45.82,0.00
Bristol Bay,Alagnak,2007,4771232.68,0.00,0.00,0.00,0.00,0.00,1822.48,2760468.65,1836230.75,12340.67,0.00,0.00,67960.44,92409.70,0.00,0.00,0.00,0.00,0.00
Bristol Bay,Alagnak,2008,4706011.46,0.00,0.00,0.00,0.00,0.00,0.00,860687.91,3797307.26,4217.83,0.00,0.00,5381.48,38416.97,0.00,0.00,0.00,0.00,0.00
Bristol Bay,Alagnak,2009,2369159.93,0.00,0.00,0.00,0.00,0.00,1340.21,741790.31,1378015.37,116853.81,0.00,0.00,109723.99,21436.25,0.00,0.00,0.00,0.00,0.00
Bristol Bay,Alagnak,2010,2815554.26,0.00,0.00,0.00,0.00,0.00,1625.26,666876.14,1855297.39,15868.21,0.00,0.00,127545.81,148341.45,0.00,0.00,0.00,0.00,0.00
Bristol Bay,Alagnak,2011,2249301.67,0.00,0.00,0.00,0.00,0.00,827.07,500487.03,1577882.43,7216.03,0.00,0.00,54790.96,108098.16,0.00,0.00,0.00,0.00,0.00
Bristol Bay,Alagnak,2012,2227427.40,0.00,0.00,96.17,0.00,0.00,0.00,507010.24,1099434.14,623.63,0.00,0.00,481557.64,138224.74,384.67,0.00,96.17,0.00,0.00
Bristol Bay,Alagnak,2013,1930231.21,0.00,0.00,0.00,0.00,0.00,0.00,461079.57,1252746.00,258.78,0.00,172.52,89671.57,126216.50,0.00,0.00,0.00,86.26,0.00
Bristol Bay,Alagnak,2014,1621056.35,0.00,0.00,100.57,0.00,0.00,119.85,735455.24,693019.60,3907.47,0.00,239.71,117646.46,70466.88,100.57,0.00,0.00,0.00,0.00
Bristol Bay,Alagnak,2015,8244122.35,0.00,0.00,0.47,0.00,0.00,39747.72,3087316.41,3182986.39,848.31,0.00,0.07,1800823.20,132394.06,0.00,0.00,5.73,0.00,0.00
Bristol Bay,Alagnak,2016,4938142.34,0.00,0.00,0.00,0.00,0.00,2701.89,1123765.34,2498861.50,12833.28,0.00,0.00,533352.51,766627.81,0.00,0.00,0.00,0.00,0.00
Bristol Bay,Alagnak,2017,4430315.24,0.00,0.00,0.00,0.00,0.00,68087.61,2677120.72,1614660.84,2.75,0.00,0.00,22310.66,48130.99,0.00,0.00,1.42,0.25,0.00
Bristol Bay,Alagnak,2018,2873549.53,0.00,0.00,0.00,0.00,0.00,2697.79,1604307.42,1235289.75,10639.65,41.17,34.98,3197.53,17181.11,111.50,0.00,0.00,48.63,0.00
Bristol Bay,Alagnak,2019,1855135.62,0.00,0.00,0.00,0.00,0.00,4174.73,1230186.21,586590.72,457.58,0.00,0.28,24204.11,9521.97,0.00,0.00,0.00,0.02,0.00
Bristol Bay,Alagnak,2020,4561207.96,0.00,0.00,0.00,0.00,0.00,6736.58,1839803.78,2693830.10,0.00,0.00,0.00,19769.62,1067.89,0.00,0.00,0.00,0.00,0.00
Bristol Bay,Alagnak,2021,6124320.60,0.00,0.00,0.00,0.00,0.00,0.00,2324175.58,2700670.96,22635.25,0.00,1400.86,359397.02,716039.90,1.04,0.00,0.00,0.00,0.00
Bristol Bay,Alagnak,2022,4645074.16,0.00,0.00,0.00,0.00,0.00,8045.04,1106969.18,2929533.35,8130.43,0.00,0.00,420868.00,165740.14,0.00,0.00,215.15,5572.86,0.00
Bristol Bay,Alagnak,2023,2539456.20,0.00,0.00,0.00,0.00,0.00,1427.33,474456.84,1167190.08,6488.24,0.00,0.00,46741.78,843127.32,0.00,0.00,24.60,0.00,0.00
Bristol Bay,Alagnak,2024,4335434.72,0.00,0.00,0.00,0.00,0.00,0.00,3467864.06,556513.44,5269.37,0.00,0.00,283329.83,21962.55,400.69,0.00,94.76,0.00,0.00
Bristol Bay,Alagnak,2025,6059400.69,0.00,0.00,0.00,0.00,0.00,4668.34,528313.49,4988565.20,1331.37,0.00,75.16,75189.22,460734.99,438.40,0.00,84.54,0.00,0.00
Bristol Bay,Egegik,1963,1991859.77,0.00,0.00,0.00,0.00,0.00,0.00,50461.38,62982.42,0.00,0.00,2486.67,1064195.57,706515.78,0.00,0.00,89605.87,15612.10,0.00
Bristol Bay,Egegik,1964,2012601.40,0.00,0.00,0.00,0.00,0.00,0.00,213842.16,155084.84,88.30,0.00,397.26,1246563.36,290239.28,0.00,0.00,28636.93,77749.25,0.00
Bristol Bay,Egegik,1965,5170949.67,0.00,0.00,0.00,0.00,0.00,0.00,47269.21,340500.31,782.41,0.00,0.00,4134127.53,635809.19,0.00,0.00,10515.02,1945.99,0.00
Bristol Bay,Egegik,1966,2903851.05,0.00,0.00,0.00,0.00,0.00,0.00,3547.20,104163.89,0.00,0.00,404.82,383656.35,2347788.89,129.53,0.00,43856.63,20303.74,0.00
Bristol Bay,Egegik,1967,1725062.80,0.00,0.00,1024.71,0.00,0.00,228.79,2667.34,19755.11,0.00,0.00,2263.72,716891.19,916276.15,0.00,0.00,27631.83,38323.95,0.00
Bristol Bay,Egegik,1968,1011976.91,0.00,0.00,0.00,0.00,0.00,0.00,61057.67,85596.97,0.00,0.00,5946.09,513647.20,309636.99,0.00,0.00,27596.21,8495.79,0.00
Bristol Bay,Egegik,1969,2016715.50,0.00,0.00,0.00,0.00,0.00,0.00,24283.87,36450.13,0.00,0.00,24472.05,1534886.79,298366.85,0.00,0.00,82830.90,15424.92,0.00
Bristol Bay,Egegik,1970,1945368.91,0.00,0.00,177.39,0.00,0.00,0.00,145853.77,10867.35,0.00,0.00,105.30,1485853.92,222304.19,0.00,0.00,72732.35,7474.65,0.00
Bristol Bay,Egegik,1971,1996100.30,0.00,0.00,1900.88,0.00,0.00,0.00,56673.27,550527.84,1593.69,0.00,469.58,563055.12,811265.61,0.00,0.00,6338.11,4276.19,0.00
Bristol Bay,Egegik,1972,1774534.95,0.00,0.00,1006.27,0.00,0.00,0.00,20399.37,188696.43,1040.36,0.00,0.00,748745.14,781194.33,1013.29,0.00,9642.39,22797.36,0.00
Bristol Bay,Egegik,1973,787541.57,0.00,0.00,0.00,0.00,0.00,0.00,8738.09,46666.23,0.00,0.00,3357.57,90534.22,630902.24,0.00,0.00,668.73,6674.50,0.00
Bristol Bay,Egegik,1974,1504237.23,0.00,0.00,0.00,0.00,0.00,0.00,106126.79,103338.32,0.00,0.00,0.00,1090569.11,200828.18,1832.66,0.00,0.00,1542.17,0.00
Bristol Bay,Egegik,1975,2238670.98,0.00,0.00,0.00,0.00,0.00,0.00,21238.08,81044.95,0.00,0.00,3281.68,565759.84,1178714.94,8546.22,0.00,371009.69,9075.58,0.00
Bristol Bay,Egegik,1976,1704895.45,0.00,0.00,0.00,0.00,0.00,0.00,0.00,0.00,0.00,0.00,0.00,1289361.41,0.00,0.00,0.00,415534.03,0.00,0.00
Bristol Bay,Egegik,1977,2998167.01,0.00,1443.11,0.00,0.00,0.00,0.00,35038.05,72017.78,0.00,0.00,438.29,1532499.68,1266964.98,0.00,0.00,55646.38,34118.74,0.00
Bristol Bay,Egegik,1978,2078292.47,0.00,0.00,0.00,0.00,0.00,0.00,49637.89,75610.92,186.40,0.00,12430.27,585164.95,1234294.45,0.00,0.00,56930.40,64037.20,0.00
Bristol Bay,Egegik,1979,2579853.17,0.00,147.67,0.00,0.00,0.00,0.00,55085.41,88787.36,0.00,0.00,7278.99,1666318.81,724245.70,0.00,0.00,23869.20,13973.33,146.70
Bristol Bay,Egegik,1980,3449719.41,0.00,0.00,0.00,0.00,0.00,2322.48,381107.07,151116.01,0.00,0.00,53443.00,2234183.06,561289.70,0.00,0.00,58938.99,7319.10,0.00
Bristol Bay,Egegik,1981,4641785.16,0.00,0.00,0.00,0.00,0.00,0.00,823006.34,452344.43,0.00,0.00,1845.62,2772401.05,580804.42,0.00,0.00,8920.98,2462.32,0.00
Bristol Bay,Egegik,1982,3785029.68,0.00,0.00,0.00,0.00,0.00,2849.18,387998.12,1935491.15,586.07,0.00,6740.85,628139.00,820445.39,1089.66,0.00,0.00,1690.26,0.00
Bristol Bay,Egegik,1983,8446307.46,0.00,0.00,0.00,0.00,0.00,4869.71,657109.97,422634.68,11696.34,0.00,2251.37,6590350.23,698974.78,0.00,0.00,58420.38,0.00,0.00
Bristol Bay,Egegik,1984,5458425.16,0.00,0.00,23353.27,6464.60,0.00,0.00,706929.19,219730.84,859.61,0.00,22071.56,1973576.03,2484584.89,0.00,0.00,13141.22,7713.94,0.00
Bristol Bay,Egegik,1985,8331666.16,0.00,0.00,0.00,0.00,0.00,1756.19,593439.34,2450118.35,0.00,0.00,45078.02,4056129.29,1176188.84,0.00,363.35,0.00,8592.79,0.00
Bristol Bay,Egegik,1986,5506500.13,0.00,0.00,896.93,0.00,0.00,2413.38,1215619.21,432085.83,4963.21,0.00,11565.20,2883765.69,948854.16,1570.46,0.00,4766.07,0.00,0.00
Bristol Bay,Egegik,1987,6385229.44,0.00,0.00,0.00,0.00,0.00,484.08,1279753.33,1929108.56,3247.13,0.00,7273.01,1689006.95,1470066.36,0.00,0.00,6290.03,0.00,0.00
Bristol Bay,Egegik,1988,8117564.38,0.00,437.41,1314.37,2.55,0.00,434.78,398395.70,2553114.46,6501.06,0.00,85549.46,3484607.88,1557303.24,0.00,0.00,22289.96,7613.50,0.00
Bristol Bay,Egegik,1989,9807459.99,0.00,0.00,143.68,0.00,0.00,1408.97,425954.88,637987.58,6397.34,0.00,33924.79,5245773.73,3439216.65,0.00,1895.14,13729.32,1027.91,0.00
Bristol Bay,Egegik,1990,12605427.23,0.00,1249.52,2034.80,0.00,0.00,0.00,2415527.11,781317.55,5627.44,0.00,10806.63,4020182.86,5130350.33,16751.74,0.00,213206.33,8372.90,0.00
Bristol Bay,Egegik,1991,9235470.33,0.00,0.00,2368.24,0.00,0.00,1175.83,699118.62,3246243.19,2769.19,0.00,69292.09,4062145.45,1102467.01,8675.30,0.00,4118.73,37096.68,0.00
Bristol Bay,Egegik,1992,17890992.67,0.00,0.00,2318.39,0.00,0.00,0.00,296195.23,4224764.32,68372.94,0.00,106273.64,8870956.79,4210470.48,0.00,5631.42,95077.49,10931.97,0.00
Bristol Bay,Egegik,1993,24250547.86,0.00,0.00,0.00,0.00,0.00,0.00,199211.88,1049593.95,134446.61,0.00,37449.17,11121318.38,11458635.48,56070.44,0.00,154845.92,38976.03,0.00
Bristol Bay,Egegik,1994,12738312.48,955.07,4437.38,0.00,0.00,0.00,1450.21,393971.18,251240.48,5736.63,0.00,73045.61,5179386.22,6458564.46,44043.88,2127.55,257263.59,66090.21,0.00
Bristol Bay,Egegik,1995,15374929.54,0.00,1242.51,741.72,0.00,0.00,63.16,1208928.90,729603.40,4115.28,0.00,18657.04,8809854.65,4242640.53,3860.79,2909.73,189470.88,162840.94,0.00
Bristol Bay,Egegik,1996,12416197.41,0.00,0.00,10943.34,312.36,0.00,0.00,239876.58,2874740.52,5081.92,0.00,38890.87,3223466.05,5980914.37,435.98,0.00,13130.08,28405.33,0.00
Bristol Bay,Egegik,1997,7932122.51,0.00,131.17,0.00,1620.28,0.00,7731.61,117628.64,531796.34,25215.06,0.00,30535.04,4580342.54,2573855.01,32457.55,2397.25,9062.12,19349.89,0.00
Bristol Bay,Egegik,1998,4689597.35,0.00,0.00,0.00,0.00,0.00,3546.45,249363.13,329344.10,2780.66,0.00,67291.02,800145.24,3190111.53,135.82,0.00,38919.26,7960.13,0.00
Bristol Bay,Egegik,1999,6481074.19,0.00,0.00,0.00,0.00,0.00,363.42,1495268.14,493716.33,1.39,0.00,3043.06,3805468.75,653288.02,9411.44,0.00,1217.83,19295.81,0.00
Bristol Bay,Egegik,2000,8168699.05,0.00,0.00,0.00,0.42,0.00,0.00,412382.56,2696123.58,2.54,0.00,3483.77,1726750.28,3299275.75,0.00,0.00,26806.43,3873.72,0.00
Bristol Bay,Egegik,2001,3566444.18,0.00,0.00,1.98,0.00,0.00,1.58,17162.13,1386366.08,18707.38,0.00,18742.29,542540.18,1539472.47,21866.71,2445.90,11312.00,7825.48,0.00
Bristol Bay,Egegik,2002,5544321.67,0.00,0.39,0.00,0.00,0.00,0.00,20334.59,177854.74,21943.94,0.00,12649.33,3493430.97,1749165.39,13866.24,9875.86,30409.31,14790.93,0.00
Bristol Bay,Egegik,2003,3217355.65,0.00,0.00,0.00,0.00,0.00,542.22,162299.81,76433.64,15.52,0.00,171813.96,490761.38,2069386.18,3087.51,89.16,233786.73,9139.56,0.00
Bristol Bay,Egegik,2004,11642669.27,0.00,0.00,0.47,0.00,0.00,0.00,1302473.62,395983.32,3.03,0.00,25104.92,9207076.02,654091.75,2145.17,0.00,15139.16,40651.60,0.21
Bristol Bay,Egegik,2005,9402204.39,0.00,0.00,0.52,0.00,0.00,27641.41,292655.81,2432554.43,207.32,0.00,47658.73,3546271.31,3035602.32,954.21,0.00,18602.32,56.02,0.00
Bristol Bay,Egegik,2006,8613841.94,0.00,0.00,246.45,1765.24,0.00,19080.61,1450971.28,797157.92,33426.02,0.00,45866.40,1585956.61,4647480.76,2034.50,0.00,18902.44,10953.71,0.00
Bristol Bay,Egegik,2007,7395032.42,0.00,0.00,0.00,0.00,0.00,23434.37,1984955.74,2203107.67,458.72,0.00,41158.69,1050682.29,2059102.15,23089.72,0.00,919.50,8123.57,0.00
Bristol Bay,Egegik,2008,7827635.46,0.00,0.00,0.00,0.00,0.00,4350.03,2789827.27,2552431.04,1520.44,0.00,39826.98,1926995.46,511617.57,0.00,0.00,561.93,504.74,0.00
Bristol Bay,Egegik,2009,12269670.95,0.00,0.00,0.00,0.00,0.00,7819.50,470725.91,3459265.93,18806.46,0.00,36928.62,6022979.24,2245895.78,0.00,2270.43,4979.08,0.00,0.00
Bristol Bay,Egegik,2010,5145650.24,0.00,0.00,0.00,0.00,0.00,8768.60,144943.02,202329.24,0.00,0.00,121161.37,2866201.44,1767627.20,5191.34,739.50,26666.75,2021.77,0.00
Bristol Bay,Egegik,2011,4604185.02,0.00,0.00,0.00,0.00,0.00,317.09,53088.12,253935.81,19.36,0.00,71868.15,1632027.24,2550952.98,375.10,317.09,33876.22,7407.86,0.00
Bristol Bay,Egegik,2012,5925626.76,0.00,0.00,1041.56,0.00,0.00,5486.43,630407.67,429490.27,1720.05,0.00,58269.88,3377632.46,1370541.09,6192.52,2175.14,29958.40,12711.30,0.00
Bristol Bay,Egegik,2013,5125755.37,0.00,0.00,0.00,0.00,0.00,10191.84,305233.88,1090910.89,13.78,0.00,122199.47,1104841.67,2457309.12,0.00,1581.77,21920.20,11552.74,0.00
Bristol Bay,Egegik,2014,5081311.05,0.00,7212.43,990.82,0.00,0.00,36548.02,537683.00,488974.67,16.06,0.00,274215.93,2763497.81,943565.49,4010.98,7959.83,483.56,16152.43,0.00
Bristol Bay,Egegik,2015,8507572.75,0.00,0.00,1969.76,0.00,0.00,38196.99,444733.71,671671.93,8427.64,0.00,532951.36,5984739.95,785871.80,0.00,18840.55,20169.07,0.00,0.00
Bristol Bay,Egegik,2016,9891849.25,0.00,0.00,0.00,0.00,0.00,162141.36,1977511.30,1095740.23,0.00,0.00,353152.04,3901937.64,2345583.77,0.00,1227.03,54555.89,0.00,0.00
Bristol Bay,Egegik,2017,12441095.33,0.00,0.00,0.00,0.00,0.00,102285.98,2859582.09,1278331.31,4106.95,0.00,88058.61,4775925.41,3275009.23,0.00,2469.85,42412.79,12913.11,0.00
Bristol Bay,Egegik,2018,6104312.17,0.00,0.00,0.00,0.00,0.00,295277.62,2156590.67,1945680.96,2657.49,0.14,73755.48,467779.95,1137566.60,17.39,1622.34,3721.57,19641.97,0.00
Bristol Bay,Egegik,2019,15434052.04,0.00,0.00,0.00,0.00,0.00,29390.89,11553433.83,2005941.47,17.96,0.00,66998.66,1280264.22,495688.85,0.00,0.00,0.00,2316.16,0.00
Bristol Bay,Egegik,2020,15597218.53,0.00,0.00,0.00,0.00,0.00,181713.58,1774510.28,12280095.54,0.00,0.00,168096.98,993180.68,198213.83,0.00,0.00,1407.65,0.00,0.00
Bristol Bay,Egegik,2021,7368239.37,0.00,0.00,0.00,0.00,0.00,294139.35,3928522.75,222244.91,0.00,0.00,366575.24,2276904.22,279852.89,0.00,0.00,0.00,0.00,0.00
Bristol Bay,Egegik,2022,18151847.64,0.00,0.00,0.00,0.00,0.00,36671.88,5907225.25,4660092.63,4512.02,0.00,62869.58,6744189.76,736199.31,0.00,0.00,87.20,0.00,0.00
Bristol Bay,Egegik,2023,14814304.02,0.00,0.00,0.00,0.00,0.00,91287.91,265771.62,6441568.51,23654.84,0.00,140140.58,1017403.95,6832852.76,0.00,0.00,1623.84,0.00,0.00
Bristol Bay,Egegik,2024,4629742.73,0.00,0.00,0.00,0.00,0.00,20734.54,2645110.39,186066.41,24055.24,0.00,97804.84,1063839.00,582894.74,8508.74,0.00,728.84,0.00,0.00
Bristol Bay,Egegik,2025,8920130.68,0.00,0.00,0.00,0.00,0.00,89278.87,696512.62,3193070.24,129.27,0.00,130354.40,4142481.09,665265.56,31.84,0.00,3006.79,0.00,0.00
Bristol Bay,Igushik,1963,136350.70,0.00,0.00,0.00,0.00,0.00,0.00,75778.79,37356.73,0.00,0.00,0.00,14002.17,9213.01,0.00,0.00,0.00,0.00,0.00
Bristol Bay,Igushik,1964,191054.09,0.00,0.00,263.85,0.00,0.00,0.00,41541.88,90589.31,0.00,0.00,106.34,45064.43,13488.28,0.00,0.00,0.00,0.00,0.00
Bristol Bay,Igushik,1965,297253.09,0.00,0.00,78.10,0.00,0.00,0.00,28373.44,225973.25,0.00,0.00,0.00,26634.63,16193.67,0.00,0.00,0.00,0.00,0.00
Bristol Bay,Igushik,1966,310078.42,0.00,0.00,860.11,0.00,0.00,0.00,16810.87,253124.41,0.00,0.00,0.00,9652.73,29630.30,0.00,0.00,0.00,0.00,0.00
Bristol Bay,Igushik,1967,412373.60,0.00,104.71,292.21,0.00,0.00,0.00,196557.53,200761.54,210.56,0.00,0.00,5143.67,9303.37,0.00,0.00,0.00,0.00,0.00
Bristol Bay,Igushik,1968,290685.72,0.00,0.00,506.85,0.00,0.00,299.10,124313.04,137345.66,0.00,0.00,261.39,22418.41,5541.26,0.00,0.00,0.00,0.00,0.00
Bristol Bay,Igushik,1969,759994.23,0.00,0.00,0.00,0.00,0.00,0.00,319406.43,325005.49,0.00,0.00,0.00,103991.00,11591.31,0.00,0.00,0.00,0.00,0.00
Bristol Bay,Igushik,1970,522005.61,0.00,356.18,0.00,0.00,0.00,0.00,54400.73,270050.32,0.00,0.00,0.00,168321.37,28877.01,0.00,0.00,0.00,0.00,0.00
Bristol Bay,Igushik,1971,335231.21,0.00,451.83,429.69,0.00,0.00,0.00,43478.99,232636.80,0.00,0.00,0.00,5391.59,52842.31,0.00,0.00,0.00,0.00,0.00
Bristol Bay,Igushik,1972,127964.89,0.00,0.00,166.99,0.00,0.00,0.00,48449.77,59860.66,122.03,0.00,0.00,10883.90,8481.55,0.00,0.00,0.00,0.00,0.00
Bristol Bay,Igushik,1973,113965.85,0.00,0.00,88.48,31.23,0.00,0.00,829.53,101707.19,58.99,0.00,0.00,513.27,10676.44,0.00,0.00,0.00,60.72,0.00
Bristol Bay,Igushik,1974,430597.40,0.00,0.00,321.21,0.00,0.00,0.00,36787.94,107254.42,887.87,0.00,298.99,278332.38,6714.58,0.00,0.00,0.00,0.00,0.00
Bristol Bay,Igushik,1975,357436.72,0.00,92.91,1291.32,0.00,0.00,0.00,58279.22,144568.44,1386.85,0.00,0.00,62987.41,88830.57,0.00,0.00,0.00,0.00,0.00
Bristol Bay,Igushik,1976,307997.32,0.00,0.00,913.22,0.00,0.00,0.00,93770.54,131521.32,0.00,0.00,0.00,39332.85,42459.40,0.00,0.00,0.00,0.00,0.00
Bristol Bay,Igushik,1977,170035.15,0.00,49.19,1278.99,61.49,0.00,0.00,17240.56,117096.71,196.77,0.00,0.00,5305.52,28793.62,12.30,0.00,0.00,0.00,0.00
Bristol Bay,Igushik,1978,845205.12,0.00,134.24,1355.73,865.60,0.00,0.00,412982.63,399007.26,4097.36,0.00,1369.90,14680.68,10711.72,0.00,0.00,0.00,0.00,0.00
Bristol Bay,Igushik,1979,1392465.72,0.00,0.00,0.00,0.00,0.00,0.00,543521.46,589284.89,0.00,0.00,0.00,240732.71,18926.67,0.00,0.00,0.00,0.00,0.00
Bristol Bay,Igushik,1980,2393481.00,0.00,0.00,0.00,0.00,0.00,773.45,412827.84,1835021.79,1192.41,0.00,4261.01,119242.06,20162.43,0.00,0.00,0.00,0.00,0.00
Bristol Bay,Igushik,1981,1338130.80,0.00,0.00,2917.04,0.00,0.00,0.00,174666.61,741008.26,1199.30,0.00,0.00,106555.09,311784.51,0.00,0.00,0.00,0.00,0.00
Bristol Bay,Igushik,1982,716737.28,0.00,0.00,0.00,0.00,0.00,0.00,36010.97,585308.29,8896.94,0.00,0.00,5599.94,80921.15,0.00,0.00,0.00,0.00,0.00
Bristol Bay,Igushik,1983,1187356.79,0.00,0.00,196.37,0.00,0.00,0.00,611311.97,368460.02,46620.90,0.00,0.00,146031.24,14539.93,196.37,0.00,0.00,0.00,0.00
Bristol Bay,Igushik,1984,299792.02,0.00,0.00,0.00,0.00,0.00,0.00,14270.17,263564.85,72.94,0.00,0.00,10184.31,11699.76,0.00,0.00,0.00,0.00,0.00
Bristol Bay,Igushik,1985,643146.43,0.00,0.00,0.00,0.00,0.00,0.00,243467.38,353924.09,0.00,0.00,0.00,34536.66,11078.47,0.00,0.00,139.83,0.00,0.00
Bristol Bay,Igushik,1986,609140.89,0.00,1151.04,6543.61,0.00,0.00,0.00,50848.10,502783.46,0.00,0.00,0.00,6742.43,41072.25,0.00,0.00,0.00,0.00,0.00
Bristol Bay,Igushik,1987,471444.66,0.00,0.00,0.00,0.00,0.00,0.00,105984.42,272741.46,51416.19,0.00,0.00,7066.80,34235.80,0.00,0.00,0.00,0.00,0.00
Bristol Bay,Igushik,1988,293251.49,0.00,0.00,232.23,27.00,0.00,0.00,30298.42,247075.20,1044.66,0.00,0.00,6210.56,8363.41,0.00,0.00,0.00,0.00,0.00
Bristol Bay,Igushik,1989,906594.83,0.00,2705.28,6292.88,0.00,0.00,0.00,395497.52,419160.87,1685.23,0.00,0.00,52282.11,28970.95,0.00,0.00,0.00,0.00,0.00
Bristol Bay,Igushik,1990,876172.31,0.00,1606.63,8614.63,0.00,0.00,0.00,157348.04,639187.67,3266.74,0.00,0.00,50115.52,16033.09,0.00,0.00,0.00,0.00,0.00
Bristol Bay,Igushik,1991,1645838.47,0.00,0.00,12589.11,2212.73,0.00,0.00,75587.85,1497275.24,5888.64,0.00,0.00,9445.28,41159.68,1679.93,0.00,0.00,0.00,0.00
Bristol Bay,Igushik,1992,470347.58,0.00,144.84,0.00,0.00,0.00,0.00,105973.28,338280.67,7474.88,0.00,0.00,2144.56,15520.50,808.84,0.00,0.00,0.00,0.00
Bristol Bay,Igushik,1993,717075.49,0.00,45.68,2990.51,91.36,0.00,165.67,213200.35,479542.12,5679.35,0.00,0.00,5733.94,9626.50,0.00,0.00,0.00,0.00,0.00
Bristol Bay,Igushik,1994,906828.27,0.00,0.00,3116.16,0.00,0.00,0.00,138197.88,693503.07,1658.95,0.00,0.00,48454.04,21898.17,0.00,0.00,0.00,0.00,0.00
Bristol Bay,Igushik,1995,1184424.80,0.00,0.00,905.47,0.00,0.00,0.00,170952.82,883940.87,5197.72,0.00,0.00,95134.78,28293.15,0.00,0.00,0.00,0.00,0.00
Bristol Bay,Igushik,1996,942695.90,0.00,0.00,2985.02,0.00,0.00,0.00,30018.23,798731.03,2186.50,0.00,0.00,2065.12,106710.01,0.00,0.00,0.00,0.00,0.00
Bristol Bay,Igushik,1997,208758.55,0.00,0.00,0.00,0.00,0.00,0.00,100425.51,91713.76,2463.83,0.00,0.00,5334.91,8820.53,0.00,0.00,0.00,0.00,0.00
Bristol Bay,Igushik,1998,426033.71,0.00,0.00,0.00,0.00,0.00,0.00,163636.99,239150.73,322.66,0.00,0.00,13736.67,9186.66,0.00,0.00,0.00,0.00,0.00
Bristol Bay,Igushik,1999,859317.75,0.00,0.00,0.00,0.00,0.00,0.00,376061.83,435418.55,0.00,0.00,0.00,42975.86,4861.51,0.00,0.00,0.00,0.00,0.00
Bristol Bay,Igushik,2000,982740.23,0.00,0.00,0.00,0.00,0.00,0.00,77031.90,881255.91,1000.86,0.00,0.00,6531.08,16920.48,0.00,0.00,0.00,0.00,0.00
Bristol Bay,Igushik,2001,818733.37,0.00,0.00,1199.15,0.00,0.00,0.00,1926.56,800392.99,5961.03,0.00,0.00,807.34,8446.30,0.00,0.00,0.00,0.00,0.00
Bristol Bay,Igushik,2002,199683.68,0.00,0.00,0.00,0.00,0.00,0.00,130362.46,51668.33,2786.91,0.00,0.00,9522.01,5343.97,0.00,0.00,0.00,0.00,0.00
Bristol Bay,Igushik,2003,492184.33,0.00,0.00,0.00,0.00,0.00,0.00,60852.43,393266.12,1857.41,0.00,66.97,2906.79,33171.48,63.13,0.00,0.00,0.00,0.00
Bristol Bay,Igushik,2004,268355.56,0.00,0.00,0.00,0.00,0.00,0.00,53303.01,146840.92,2298.22,0.00,0.00,58392.84,7520.56,0.00,0.00,0.00,0.00,0.00
Bristol Bay,Igushik,2005,801087.33,0.00,0.00,0.00,0.00,0.00,0.00,31827.32,660546.34,0.00,0.00,0.00,12377.29,96336.38,0.00,0.00,0.00,0.00,0.00
Bristol Bay,Igushik,2006,727744.17,0.00,0.00,0.00,391.70,0.00,0.00,235172.33,442819.63,3390.74,0.00,0.00,7801.62,38168.16,0.00,0.00,0.00,0.00,0.00
Bristol Bay,Igushik,2007,1022674.96,0.00,0.00,0.00,0.00,0.00,0.00,772529.88,202313.47,2902.70,0.00,0.00,40568.44,4360.49,0.00,0.00,0.00,0.00,0.00
Bristol Bay,Igushik,2008,1889371.77,0.00,0.00,0.00,0.00,0.00,0.00,596355.81,1273848.24,5339.89,0.00,0.00,2016.95,11810.89,0.00,0.00,0.00,0.00,0.00
Bristol Bay,Igushik,2009,1585347.99,0.00,0.00,0.00,0.00,0.00,0.00,326356.13,1202309.42,755.92,0.00,0.00,16999.24,38927.29,0.00,0.00,0.00,0.00,0.00
Bristol Bay,Igushik,2010,1407871.09,0.00,0.00,1066.23,0.00,0.00,0.00,187979.08,1169822.41,1105.88,0.00,0.00,28673.87,18650.02,0.00,573.62,0.00,0.00,0.00
Bristol Bay,Igushik,2011,1015858.07,0.00,0.00,0.00,0.00,0.00,0.00,160642.15,782302.55,2298.43,0.00,0.00,18501.22,51682.83,0.00,0.00,430.91,0.00,0.00
Bristol Bay,Igushik,2012,507189.87,0.00,0.00,0.00,0.00,0.00,0.00,52686.86,422953.08,2195.83,0.00,0.00,16132.63,13221.47,0.00,0.00,0.00,0.00,0.00
Bristol Bay,Igushik,2013,692621.21,0.00,0.00,0.00,0.00,0.00,0.00,132117.48,513178.23,969.74,0.00,0.00,38404.99,7950.76,0.00,0.00,0.00,0.00,0.00
Bristol Bay,Igushik,2014,1436716.92,0.00,810.74,0.00,0.00,0.00,0.00,567822.62,752041.38,2844.02,0.00,0.00,56133.88,56731.61,332.66,0.00,0.00,0.00,0.00
Bristol Bay,Igushik,2015,1643325.82,0.00,389.18,0.00,0.00,0.00,0.00,507823.44,1132808.39,0.00,0.00,0.00,500.24,1804.57,0.00,0.00,0.00,0.00,0.00
Bristol Bay,Igushik,2016,1850333.70,0.00,0.00,1430.57,0.00,0.00,0.00,364111.88,1460187.56,0.00,0.00,0.00,11164.59,13439.10,0.00,0.00,0.00,0.00,0.00
Bristol Bay,Igushik,2017,1230311.72,0.00,0.00,0.00,0.00,0.00,1765.77,906912.97,312467.77,2026.78,0.00,0.00,4050.31,3088.12,0.00,0.00,0.00,0.00,0.00
Bristol Bay,Igushik,2018,1920088.32,0.00,0.00,0.00,0.00,0.00,0.00,734903.92,1180877.04,3629.09,0.00,0.00,678.27,0.00,0.00,0.00,0.00,0.00,0.00
Bristol Bay,Igushik,2019,1358926.98,0.00,0.00,0.00,0.00,0.00,850.61,233249.00,1115187.11,1039.13,0.00,1.39,5345.27,3254.47,0.00,0.00,0.00,0.00,0.00
Bristol Bay,Igushik,2020,1212549.01,0.00,0.00,0.00,0.00,0.00,2072.55,555164.65,647132.75,2.21,0.00,0.00,8176.85,0.00,0.00,0.00,0.00,0.00,0.00
Bristol Bay,Igushik,2021,2023217.77,0.00,0.00,0.00,0.00,0.00,0.00,1014243.62,931969.38,6322.33,0.00,0.00,11615.23,59067.22,0.00,0.00,0.00,0.00,0.00
Bristol Bay,Igushik,2022,2986219.25,0.00,0.00,0.00,0.00,0.00,668.49,664431.29,2305767.15,2190.77,0.00,0.00,4485.74,8675.81,0.00,0.00,0.00,0.00,0.00
Bristol Bay,Igushik,2023,1379859.10,0.00,0.00,0.00,0.00,0.00,0.00,303697.42,1022200.03,7047.30,0.00,0.00,24611.45,22302.88,0.00,0.00,0.00,0.00,0.00
Bristol Bay,Igushik,2024,1572250.11,0.00,0.00,0.00,0.00,0.00,2390.60,1132855.68,393200.05,1483.12,0.00,0.00,31470.44,10850.21,0.00,0.00,0.00,0.00,0.00
Bristol Bay,Igushik,2025,3029350.65,0.00,0.00,0.00,0.00,0.00,1095.88,164572.00,2796351.09,8350.84,0.00,0.00,11100.05,47880.79,0.00,0.00,0.00,0.00,0.00
Bristol Bay,Kvichak,1963,615338.55,0.00,0.00,0.00,0.00,0.00,0.00,236513.57,32838.21,1413.22,0.00,950.68,139962.01,203660.86,0.00,0.00,0.00,0.00,0.00
Bristol Bay,Kvichak,1964,2181685.06,0.00,1601.85,0.00,0.00,0.00,0.00,1017276.97,0.04,6053.05,0.00,889149.07,208488.97,59115.11,0.00,0.00,0.00,0.00,0.00
Bristol Bay,Kvichak,1965,48627304.92,0.00,0.00,0.00,0.00,0.00,0.00,415244.56,456190.02,0.00,0.00,0.00,47748182.66,5451.37,0.00,0.00,2236.31,0.00,0.00
Bristol Bay,Kvichak,1966,8915532.98,0.00,0.00,0.00,0.00,0.00,0.00,107816.71,201592.69,3128.00,0.00,1970.01,2307308.59,6282091.62,0.00,0.00,11625.36,0.00,0.00
Bristol Bay,Kvichak,1967,5545422.53,0.00,0.00,606.38,0.00,0.00,3244.01,31231.48,133172.55,0.00,0.00,112.55,4720118.38,647560.41,0.00,0.00,5315.71,4061.05,0.00
Bristol Bay,Kvichak,1968,3975964.10,0.00,0.00,0.00,0.00,0.00,23983.41,2288423.18,80022.55,0.00,0.00,111881.73,925528.36,534851.18,0.00,0.00,8962.95,2310.75,0.00
Bristol Bay,Kvichak,1969,14054748.97,0.00,4762.74,0.00,0.00,0.00,3428.68,10321864.30,288370.73,0.00,0.00,485628.76,2613880.92,336812.84,0.00,0.00,0.00,0.00,0.00
Bristol Bay,Kvichak,1970,34839684.71,0.00,0.00,0.00,0.00,0.00,0.00,524321.60,299792.79,3941.44,0.00,16341.65,33528680.52,446099.36,0.00,0.00,6605.65,13901.70,0.00
Bristol Bay,Kvichak,1971,6978106.78,0.00,1788.21,14745.09,0.00,0.00,0.00,342819.38,885877.94,0.00,0.00,2298.78,4568770.71,1159447.18,0.00,0.00,1291.71,1067.79,0.00
Bristol Bay,Kvichak,1972,2132286.58,0.00,0.00,0.00,968.00,0.00,0.00,300687.47,321956.12,0.00,0.00,0.00,991238.61,517436.38,0.00,0.00,0.00,0.00,0.00
Bristol Bay,Kvichak,1973,410486.63,0.00,0.00,748.09,0.00,0.00,611.29,149287.16,38561.10,64.80,0.00,6123.72,104011.23,109957.21,1122.04,0.00,0.00,0.00,0.00
Bristol Bay,Kvichak,1974,5061353.09,0.00,0.00,0.00,0.00,0.00,0.00,45470.51,321597.19,4513.74,0.00,28962.38,4476992.48,176511.83,0.00,0.00,7304.95,0.00,0.00
Bristol Bay,Kvichak,1975,16219630.70,0.00,0.00,0.00,0.00,0.00,4360.07,321013.18,40279.63,0.00,0.00,45181.86,15247972.68,546728.39,0.00,0.00,12149.34,1945.55,0.00
Bristol Bay,Kvichak,1976,3545332.46,0.00,0.00,0.00,0.00,0.00,0.00,1971913.29,653574.96,0.00,0.00,0.00,919844.21,0.00,0.00,0.00,0.00,0.00,0.00
Bristol Bay,Kvichak,1977,1675472.25,0.00,0.00,1203.54,0.00,0.00,14322.33,531509.24,142304.90,0.00,0.00,2633.87,886252.19,95528.56,0.00,0.00,1142.36,575.27,0.00
Bristol Bay,Kvichak,1978,7919094.22,0.00,0.00,0.00,0.00,0.00,6365.41,6047998.65,1048800.18,10885.84,0.00,319232.38,252856.85,232954.89,0.00,0.00,0.00,0.00,0.00
Bristol Bay,Kvichak,1979,24927042.45,0.00,0.00,0.00,0.00,0.00,5347.50,5468930.89,1845015.04,0.00,0.00,314282.12,16927229.39,351747.96,0.00,0.00,14489.55,0.00,0.00
Bristol Bay,Kvichak,1980,37931680.06,0.00,6589.96,16621.15,0.00,0.00,36698.78,5940227.81,1305049.21,0.00,0.00,37502.13,29958381.51,616516.20,0.00,0.00,14093.31,0.00,0.00
Bristol Bay,Kvichak,1981,6901353.49,0.00,0.00,4898.86,0.00,0.00,1122.31,2024757.70,675757.59,0.00,0.00,2129.53,3806685.58,382348.24,0.00,0.00,3653.68,0.00,0.00
Bristol Bay,Kvichak,1982,2811875.14,0.00,2381.12,0.00,0.00,0.00,53984.78,1613301.04,718009.89,3355.27,0.00,15273.29,174743.80,230825.96,0.00,0.00,0.00,0.00,0.00
Bristol Bay,Kvichak,1983,21496871.57,0.00,0.00,0.00,0.00,0.00,1374.28,18868217.35,1063135.97,0.00,0.00,69687.45,1372782.63,121673.88,0.00,0.00,0.00,0.00,0.00
Bristol Bay,Kvichak,1984,23930917.96,0.00,0.00,0.00,0.00,0.00,0.00,2539066.59,2470065.01,0.00,0.00,13602.86,17920528.05,987655.45,0.00,0.00,0.00,0.00,0.00
Bristol Bay,Kvichak,1985,14093497.29,0.00,0.00,5260.61,0.00,0.00,0.00,745204.88,1385037.26,0.00,0.00,0.00,8291131.06,3664906.09,0.00,0.00,0.00,1957.39,0.00
Bristol Bay,Kvichak,1986,2012448.61,0.00,0.00,0.00,0.00,0.00,909.04,492725.22,188998.30,2963.29,0.00,530.64,962184.74,364137.39,0.00,0.00,0.00,0.00,0.00
Bristol Bay,Kvichak,1987,10318113.26,968.80,0.00,0.00,0.00,0.00,0.00,9267004.56,385822.91,0.00,0.00,2975.85,514201.05,147140.10,0.00,0.00,0.00,0.00,0.00
Bristol Bay,Kvichak,1988,6860048.61,0.00,3827.45,1184.40,0.00,0.00,7558.73,2578692.80,2995169.76,4844.08,0.00,46572.42,1111077.28,111121.69,0.00,0.00,0.00,0.00,0.00
Bristol Bay,Kvichak,1989,20484408.00,0.00,1587.56,6640.51,0.00,0.00,0.00,1051304.82,1438442.50,4091.97,0.00,36966.38,17559241.79,386132.47,0.00,0.00,0.00,0.00,0.00
Bristol Bay,Kvichak,1990,18192988.96,0.00,28974.26,22026.83,0.00,0.00,7294.43,652916.62,959015.79,0.00,0.00,0.00,14851620.70,1663050.62,8089.70,0.00,0.00,0.00,0.00
Bristol Bay,Kvichak,1991,8613126.79,0.00,8518.17,55116.44,371.23,0.00,6197.61,4715391.65,868158.92,3134.19,0.00,32611.88,1539423.86,1382907.31,0.00,0.00,1295.54,0.00,0.00
Bristol Bay,Kvichak,1992,10628639.81,0.00,31828.46,23769.26,6575.38,0.00,3333.20,3035791.52,2193830.71,22539.70,0.00,17857.54,4276085.76,1007435.71,8513.45,0.00,0.00,1079.12,0.00
Bristol Bay,Kvichak,1993,8064870.93,0.00,5138.25,59852.50,981.35,0.00,2740.68,1860643.87,1958434.41,3167.85,0.00,146492.58,3698337.32,329082.11,0.00,0.00,0.00,0.00,0.00
Bristol Bay,Kvichak,1994,21592336.78,0.00,0.00,7655.96,1909.71,0.00,1129.58,1635679.82,1072382.74,1920.26,0.00,82362.87,18335388.84,453907.02,0.00,0.00,0.00,0.00,0.00
Bristol Bay,Kvichak,1995,28426663.10,0.00,3450.16,2556.19,0.00,0.00,0.00,2192435.47,890766.53,0.00,0.00,1940.03,22046413.94,3276620.61,0.00,0.00,12480.17,0.00,0.00
Bristol Bay,Kvichak,1996,4474670.19,0.00,0.00,3727.13,0.00,0.00,229.69,651582.69,1181693.15,0.00,0.00,2138.09,1008515.73,1626783.69,0.00,0.00,0.00,0.00,0.00
Bristol Bay,Kvichak,1997,2392217.58,0.00,0.00,0.00,0.00,0.00,1846.67,1087088.06,300635.19,12027.41,0.00,678.34,751845.12,236952.15,1144.66,0.00,0.00,0.00,0.00
Bristol Bay,Kvichak,1998,3811020.55,0.00,0.00,0.00,2571.05,0.00,17605.41,2023631.04,873115.77,0.00,0.00,47953.45,683919.41,162224.41,0.00,0.00,0.00,0.00,0.00
Bristol Bay,Kvichak,1999,13203151.61,0.00,0.00,0.00,0.00,0.00,0.00,7737952.02,1062071.60,4918.43,0.00,0.00,3920260.55,477949.00,0.00,0.00,0.00,0.00,0.00
Bristol Bay,Kvichak,2000,3569959.42,0.00,0.00,0.00,15.69,0.00,0.00,547555.94,2098055.65,94.14,0.00,0.00,677133.03,247104.98,0.00,0.00,0.00,0.00,0.00
Bristol Bay,Kvichak,2001,1940224.71,0.00,0.00,73.38,0.00,0.00,58.71,159364.71,1651817.79,7703.20,0.00,14.68,24302.42,96801.76,88.06,0.00,0.00,0.00,0.00
Bristol Bay,Kvichak,2002,897873.61,0.00,14.31,0.00,0.00,0.00,370.10,375942.28,140515.84,9155.28,0.00,638.14,342016.94,27655.75,1500.60,0.00,50.08,14.31,0.00
Bristol Bay,Kvichak,2003,2001790.19,0.00,0.00,0.00,0.00,0.00,15.56,1010493.44,422187.12,575.78,0.00,51079.33,343819.12,173308.60,62.25,0.00,248.99,0.00,0.00
Bristol Bay,Kvichak,2004,8091278.31,0.00,0.00,17.56,0.00,0.00,0.00,1884667.88,278784.26,18295.83,0.00,0.00,5815822.77,93558.68,123.42,0.00,0.00,0.00,7.91
Bristol Bay,Kvichak,2005,2867678.89,0.00,0.00,19.44,0.00,0.00,3390.70,633259.03,1264567.00,12362.33,0.00,1450.36,742842.99,208249.33,0.00,0.00,1537.72,0.00,0.00
Bristol Bay,Kvichak,2006,5715389.80,0.00,9968.77,0.00,1783.57,0.00,3846.74,2456932.19,2051098.47,1992.14,0.00,2385.72,819689.21,367259.35,60.76,0.00,312.13,60.76,0.00
Bristol Bay,Kvichak,2007,5917491.96,0.00,0.00,0.00,0.00,0.00,0.00,3595854.01,1265247.02,12833.87,0.00,0.00,142426.30,901130.76,0.00,0.00,0.00,0.00,0.00
Bristol Bay,Kvichak,2008,6032351.80,0.00,0.00,0.00,0.00,0.00,4315.99,4799243.54,1186521.23,623.59,0.00,0.00,31398.66,10248.80,0.00,0.00,0.00,0.00,0.00
Bristol Bay,Kvichak,2009,6961784.09,0.00,0.00,0.00,0.00,0.00,2910.88,1254242.56,2931163.80,9276.59,0.00,0.00,2634425.85,129764.41,0.00,0.00,0.00,0.00,0.00
Bristol Bay,Kvichak,2010,10779329.07,0.00,0.00,0.00,0.00,0.00,0.00,3663815.12,2033447.41,0.00,0.00,0.00,4527247.86,554818.67,0.00,0.00,0.00,0.00,0.00
Bristol Bay,Kvichak,2011,7228364.44,0.00,0.00,0.00,0.00,0.00,0.00,1542519.62,2701997.17,8367.21,0.00,24304.71,1197114.78,1754060.95,0.00,0.00,0.00,0.00,0.00
Bristol Bay,Kvichak,2012,12269042.28,0.00,0.00,5361.72,1768.02,0.00,0.00,2680276.85,1853138.55,1879.05,0.00,2521.16,6975694.85,746953.27,1159.05,0.00,289.76,0.00,0.00
Bristol Bay,Kvichak,2013,6325832.55,0.00,0.00,0.00,0.00,0.00,3046.78,741126.90,1931316.28,5956.06,0.00,11614.05,1247831.26,2380396.53,4285.17,0.00,0.00,259.52,0.00
Bristol Bay,Kvichak,2014,17609473.74,0.00,0.00,302.97,0.00,0.00,4590.98,6056268.63,1002139.75,30157.64,0.00,87433.16,9731029.16,679367.62,15623.17,0.00,2560.65,0.00,0.00
Bristol Bay,Kvichak,2015,23103789.69,0.00,7703.31,36.49,0.00,0.00,21301.03,2846068.64,5544927.76,5283.88,0.00,43950.34,13230425.14,1396185.01,0.00,0.00,7908.09,0.00,0.00
Bristol Bay,Kvichak,2016,14195449.42,0.00,0.00,0.00,0.00,0.00,2615.71,8590994.50,2168999.19,0.00,0.00,3701.59,2573729.23,851679.14,0.00,0.00,3730.05,0.00,0.00
Bristol Bay,Kvichak,2017,7250329.09,0.00,0.00,0.00,0.00,0.00,9832.30,3713931.20,2635003.48,48.70,0.00,2155.10,397152.82,491949.80,0.00,0.00,251.54,4.16,0.00
Bristol Bay,Kvichak,2018,7466680.01,0.00,0.00,0.00,0.00,0.00,4226.64,4484066.15,2789273.85,1907.51,8.60,4882.90,38269.39,143170.08,552.86,0.00,0.00,322.02,0.00
Bristol Bay,Kvichak,2019,7936268.79,0.00,0.00,0.00,0.00,0.00,3010.94,5743118.17,2072930.09,13158.63,0.00,0.35,71801.76,32242.90,0.00,0.00,0.00,5.95,0.00
Bristol Bay,Kvichak,2020,9866664.60,0.00,0.00,0.00,0.00,0.00,1510.99,2659890.63,7068370.86,14260.02,0.00,0.00,119279.24,3352.86,0.00,0.00,0.00,0.00,0.00
Bristol Bay,Kvichak,2021,8907367.52,0.00,0.00,0.00,0.00,0.00,12734.79,6164745.29,1895608.64,4889.17,0.00,8431.54,577513.29,243444.80,0.00,0.00,0.00,0.00,0.00
Bristol Bay,Kvichak,2022,13647265.59,0.00,0.00,0.00,0.00,0.00,0.00,6416570.52,4963345.92,1138.64,0.00,0.00,2091249.88,174283.26,0.00,0.00,677.37,0.00,0.00
Bristol Bay,Kvichak,2023,8759375.67,0.00,0.00,0.00,0.00,0.00,11391.82,1233550.99,5597038.68,9247.42,0.00,2921.05,367103.99,1536242.24,1759.50,0.00,119.98,0.00,0.00
Bristol Bay,Kvichak,2024,12207052.98,0.00,0.00,0.00,0.00,0.00,0.00,9939082.92,1169655.81,2070.59,0.00,0.00,766422.78,319582.19,9907.27,0.00,331.41,0.00,0.00
Bristol Bay,Kvichak,2025,7515137.31,0.00,0.00,0.00,0.00,0.00,0.00,1161976.78,5398609.88,2543.78,0.00,209.11,663555.71,285679.88,726.23,0.00,1835.94,0.00,0.00
Bristol Bay,Naknek,1963,1796531.01,0.00,0.00,0.00,0.00,0.00,0.00,486708.05,140335.03,452.50,0.00,7813.45,597027.88,563156.16,225.06,0.00,812.88,0.00,0.00
Bristol Bay,Naknek,1964,1943395.18,0.00,0.00,112.72,0.00,0.00,0.00,1072773.46,230912.96,98.06,0.00,4347.32,532279.88,101204.34,0.00,0.00,1666.43,0.00,0.00
Bristol Bay,Naknek,1965,1222067.36,0.00,0.00,0.00,0.00,0.00,169.72,112176.05,286245.42,0.00,0.00,4331.49,549352.74,266999.30,0.00,0.00,0.00,2792.63,0.00
Bristol Bay,Naknek,1966,2884786.49,0.00,0.00,0.00,0.00,0.00,0.00,130455.48,971787.01,0.00,0.00,5808.65,330857.29,1443356.30,0.00,0.00,2521.76,0.00,0.00
Bristol Bay,Naknek,1967,1555050.91,0.00,0.00,0.00,0.00,0.00,742.75,141943.79,262140.78,7771.39,0.00,23215.31,396108.30,721523.19,1605.41,0.00,0.00,0.00,0.00
Bristol Bay,Naknek,1968,1822083.25,0.00,0.00,0.00,0.00,0.00,12877.19,342531.15,416187.28,1575.42,0.00,34421.07,700969.83,303500.94,0.00,0.00,6576.20,3444.18,0.00
Bristol Bay,Naknek,1969,2641101.32,0.00,0.00,0.00,0.00,0.00,13371.02,634432.36,256174.07,0.00,0.00,37063.76,1275540.21,418189.57,0.00,0.00,6330.33,0.00,0.00
Bristol Bay,Naknek,1970,2689519.09,0.00,0.00,0.00,0.00,0.00,0.00,918492.72,600345.07,0.00,0.00,2025.06,854534.67,309691.93,0.00,0.00,4429.64,0.00,0.00
Bristol Bay,Naknek,1971,3658033.57,0.00,0.00,0.00,0.00,0.00,3584.57,352459.44,2573069.50,0.00,0.00,3786.91,209617.75,515515.40,0.00,0.00,0.00,0.00,0.00
Bristol Bay,Naknek,1972,1468384.34,0.00,0.00,0.00,0.00,0.00,0.00,126410.37,522756.82,2999.75,0.00,0.00,330689.35,485528.04,0.00,0.00,0.00,0.00,0.00
Bristol Bay,Naknek,1973,684258.62,0.00,0.00,0.00,0.00,0.00,597.44,45888.72,202856.85,0.00,0.00,4366.22,88011.46,342019.37,518.56,0.00,0.00,0.00,0.00
Bristol Bay,Naknek,1974,1474643.48,0.00,0.00,0.00,0.00,0.00,224.92,161583.01,240153.29,257.02,0.00,17756.18,837020.68,216580.36,456.55,0.00,611.47,0.00,0.00
Bristol Bay,Naknek,1975,3211149.76,0.00,0.00,0.00,0.00,0.00,2937.67,349683.81,281375.70,0.00,0.00,17309.15,1549927.84,1007864.58,0.00,0.00,2051.01,0.00,0.00
Bristol Bay,Naknek,1976,3200600.09,0.00,0.00,0.00,0.00,0.00,0.00,228954.02,630688.13,0.00,0.00,35045.76,1777139.50,504895.21,0.00,0.00,17443.86,6433.61,0.00
Bristol Bay,Naknek,1977,2912820.42,0.00,0.00,1257.41,0.00,0.00,1543.60,610279.99,397108.00,1477.59,0.00,254.93,359615.22,1537578.39,0.00,0.00,1978.88,1726.41,0.00
Bristol Bay,Naknek,1978,2256809.80,0.00,0.00,0.00,0.00,0.00,1028.95,253898.57,715809.31,5083.60,0.00,1832.32,564688.75,676508.80,25169.99,0.00,3617.88,9171.63,0.00
Bristol Bay,Naknek,1979,2826605.63,0.00,0.00,0.00,0.00,0.00,4277.45,456699.19,393360.19,0.00,0.00,11804.21,1103750.03,850378.26,2646.66,0.00,0.00,3689.64,0.00
Bristol Bay,Naknek,1980,5080050.30,0.00,0.00,0.00,0.00,0.00,4428.83,1013492.78,1630147.31,0.00,0.00,4422.77,1539430.16,880689.55,0.00,0.00,7438.90,0.00,0.00
Bristol Bay,Naknek,1981,8756831.24,0.00,0.00,4312.68,0.00,0.00,393.05,788791.19,4461321.04,0.00,0.00,0.00,1950161.37,1547265.51,0.00,0.00,4586.40,0.00,0.00
Bristol Bay,Naknek,1982,4660805.79,0.00,0.00,0.00,0.00,0.00,8951.04,490173.61,2456927.57,24291.81,0.00,9730.53,145843.81,1520143.70,4743.71,0.00,0.00,0.00,0.00
Bristol Bay,Naknek,1983,3308264.25,0.00,0.00,0.00,0.00,0.00,802.92,1389278.69,949602.28,74909.36,0.00,5950.06,631141.11,242958.83,10680.40,0.00,0.00,2940.61,0.00
Bristol Bay,Naknek,1984,3876353.27,0.00,0.00,0.00,0.00,0.00,4917.33,1059832.79,1322933.66,2206.20,0.00,17348.80,761179.39,704090.23,1393.63,0.00,958.34,1492.88,0.00
Bristol Bay,Naknek,1985,4237309.75,0.00,0.00,0.00,0.00,0.00,5105.34,772537.98,1633506.25,5049.53,0.00,5872.94,1344991.41,464176.51,0.00,0.00,6069.80,0.00,0.00
Bristol Bay,Naknek,1986,3991315.65,0.00,0.00,0.00,0.00,0.00,0.00,163880.67,2360631.39,11988.32,0.00,0.00,592812.20,860503.65,0.00,0.00,0.00,1499.41,0.00
Bristol Bay,Naknek,1987,2319010.08,0.00,0.00,0.00,0.00,0.00,248.56,179536.00,941344.98,18750.74,0.00,7908.85,225871.89,943847.48,1501.58,0.00,0.00,0.00,0.00
Bristol Bay,Naknek,1988,1962972.63,0.00,0.00,0.00,0.00,0.00,2109.99,513736.30,556011.90,27630.39,0.00,30951.35,351039.26,477076.07,4417.37,0.00,0.00,0.00,0.00
Bristol Bay,Naknek,1989,3669831.30,0.00,0.00,1525.86,0.00,0.00,7751.95,828787.44,827818.97,5897.08,682.94,31776.94,1575843.64,382132.66,7613.82,0.00,0.00,0.00,0.00
Bristol Bay,Naknek,1990,8300331.60,0.00,2660.29,5554.81,3713.35,0.00,0.00,1858983.83,3274444.94,12059.87,0.00,2489.48,1612753.36,1527671.67,0.00,0.00,0.00,0.00,0.00
Bristol Bay,Naknek,1991,9754424.63,0.00,0.00,14665.40,0.00,0.00,0.00,369590.26,6684278.94,54935.13,0.00,2471.61,1219364.53,1407689.15,1429.62,0.00,0.00,0.00,0.00
Bristol Bay,Naknek,1992,5222906.79,0.00,0.00,0.00,3069.01,0.00,1191.78,354737.96,1244917.68,439131.49,0.00,31753.37,616859.47,2484591.12,37992.49,0.00,0.00,8662.40,0.00
Bristol Bay,Naknek,1993,5577184.76,0.00,0.00,0.00,0.00,0.00,0.00,360910.26,1120895.26,119538.62,742.80,4535.83,780077.43,3148639.66,41844.90,0.00,0.00,0.00,0.00
Bristol Bay,Naknek,1994,3700808.24,0.00,2264.59,0.00,0.00,0.00,11436.80,659726.90,819386.62,18881.18,0.00,54894.24,1406718.53,716195.40,11303.97,0.00,0.00,0.00,0.00
Bristol Bay,Naknek,1995,3440141.64,0.00,0.00,0.00,0.00,0.00,0.00,451505.36,911101.44,0.00,0.00,2602.95,1531081.46,537975.15,3330.34,0.00,2544.94,0.00,0.00
Bristol Bay,Naknek,1996,4662460.93,0.00,0.00,5617.72,0.00,0.00,122.46,158742.82,3533615.67,5004.68,0.00,487.37,139216.17,819654.02,0.00,0.00,0.00,0.00,0.00
Bristol Bay,Naknek,1997,1910810.20,0.00,0.00,0.00,0.00,0.00,4949.92,352180.97,751849.02,62714.28,0.00,14445.34,282464.85,424425.08,16163.60,1617.13,0.00,0.00,0.00
Bristol Bay,Naknek,1998,2365116.32,0.00,0.00,0.00,0.00,0.00,8708.23,504530.83,1121937.81,11956.29,0.00,17068.58,430638.54,265278.32,1458.44,0.00,3539.28,0.00,0.00
Bristol Bay,Naknek,1999,4701483.59,0.00,0.00,0.00,0.00,0.00,1386.14,2425255.50,758141.95,24034.42,0.00,502.14,730718.84,761444.59,0.00,0.00,0.00,0.00,0.00
Bristol Bay,Naknek,2000,3967486.11,0.00,0.00,0.00,282.70,0.00,0.00,340634.57,3130745.33,1696.20,0.00,0.00,117754.00,376373.32,0.00,0.00,0.00,0.00,0.00
Bristol Bay,Naknek,2001,5991184.94,0.00,0.00,1330.84,0.00,0.00,1064.67,97471.50,5591154.34,68798.10,0.00,6840.81,49654.19,172127.95,2742.56,0.00,0.00,0.00,0.00
Bristol Bay,Naknek,2002,2813597.66,0.00,256.54,0.00,0.00,0.00,0.00,595642.30,899635.54,107358.68,0.00,1475.21,825499.88,379239.65,3335.44,0.00,897.88,256.54,0.00
Bristol Bay,Naknek,2003,4861853.12,0.00,0.00,0.00,0.00,0.00,2965.80,713059.89,1957153.57,15456.49,0.00,7565.74,553804.86,1604686.55,2675.55,0.00,4484.67,0.00,0.00
Bristol Bay,Naknek,2004,4066709.70,0.00,0.00,317.20,0.00,0.00,0.00,1207028.86,1388588.22,17915.99,0.00,0.00,707967.12,742520.17,2229.29,0.00,0.00,0.00,142.84
Bristol Bay,Naknek,2005,8765371.01,0.00,0.00,349.80,0.00,0.00,48568.93,484233.36,6824908.78,14886.73,0.00,10587.79,453896.90,927938.73,0.00,0.00,0.00,0.00,0.00
Bristol Bay,Naknek,2006,5342241.09,0.00,0.00,0.00,0.00,0.00,8942.06,1471105.54,2926493.30,79276.56,0.00,1829.34,396239.39,454432.12,1095.37,0.00,1732.05,1095.37,0.00
Bristol Bay,Naknek,2007,8438491.67,0.00,0.00,0.00,0.00,0.00,0.00,3692037.19,3683675.68,50778.73,0.00,0.00,250688.44,761311.63,0.00,0.00,0.00,0.00,0.00
Bristol Bay,Naknek,2008,9129940.88,0.00,0.00,0.00,0.00,0.00,36671.95,986911.34,7549811.98,93383.78,3419.84,3321.20,247183.19,209237.62,0.00,0.00,0.00,0.00,0.00
Bristol Bay,Naknek,2009,4912919.86,0.00,0.00,0.00,0.00,0.00,50441.70,1302924.77,1652172.79,279025.58,0.00,10574.39,979063.19,615269.01,21791.89,0.00,1656.54,0.00,0.00
Bristol Bay,Naknek,2010,5436897.90,0.00,0.00,0.00,0.00,0.00,17540.55,1657238.28,2255794.85,15654.87,0.00,18821.23,801427.19,665454.38,4966.55,0.00,0.00,0.00,0.00
Bristol Bay,Naknek,2011,5520113.23,0.00,0.00,994.30,0.00,0.00,23086.90,1861894.76,1928248.12,24685.00,0.00,14339.36,717671.07,947784.84,1408.89,0.00,0.00,0.00,0.00
Bristol Bay,Naknek,2012,3322918.24,0.00,0.00,88.52,0.00,0.00,5414.95,580269.34,1539525.31,33266.28,0.00,13079.87,645374.20,499064.36,4193.92,0.00,88.52,2552.98,0.00
Bristol Bay,Naknek,2013,3074881.62,0.00,0.00,0.00,0.00,0.00,97716.52,457482.25,1595287.10,31151.76,1168.68,5755.89,360751.13,524183.91,1305.01,0.00,0.00,79.37,0.00
Bristol Bay,Naknek,2014,5323139.59,0.00,0.00,92.58,0.00,0.00,82430.97,3220884.81,889893.76,6352.11,0.00,37968.62,396535.76,688888.41,92.58,0.00,0.00,0.00,0.00
Bristol Bay,Naknek,2015,6090439.23,0.00,0.00,0.15,0.00,0.00,11744.19,2215738.20,2291356.32,564.23,0.00,41339.21,1371746.64,157949.86,0.00,0.00,0.44,0.00,0.00
Bristol Bay,Naknek,2016,5037024.13,0.00,0.00,0.00,0.00,0.00,61369.24,2391536.70,1311129.44,1563.22,0.00,5726.84,864071.63,399926.54,1700.52,0.00,0.00,0.00,0.00
Bristol Bay,Naknek,2017,5975665.37,0.00,0.00,0.00,0.00,0.00,32824.06,2742095.41,2012814.04,74.80,0.00,0.00,616529.71,571249.20,0.00,0.00,12.76,65.39,0.00
Bristol Bay,Naknek,2018,6926059.98,0.00,0.00,0.00,0.00,0.00,38702.04,2955138.00,3315114.73,14097.80,33.80,2345.88,228371.82,369747.82,1967.88,0.00,0.00,540.21,0.00
Bristol Bay,Naknek,2019,8824530.44,0.00,0.00,0.00,0.00,0.00,1204.88,5261676.35,3159370.45,3882.09,0.00,0.68,240535.02,157853.50,0.00,0.00,0.00,7.46,0.00
Bristol Bay,Naknek,2020,10102211.96,0.00,0.00,0.00,0.00,0.00,57139.71,2594704.99,7055600.99,0.00,0.00,0.00,282087.10,112679.17,0.00,0.00,0.00,0.00,0.00
Bristol Bay,Naknek,2021,7180305.87,0.00,0.00,0.00,0.00,0.00,27602.54,4186127.65,2014709.37,67852.59,0.00,7239.54,423070.27,437104.72,16599.20,0.00,0.00,0.00,0.00
Bristol Bay,Naknek,2022,6455406.80,0.00,0.00,0.00,0.00,0.00,2534.03,2699792.58,2634429.64,5293.19,0.00,4078.61,783505.22,325060.98,0.00,0.00,712.56,0.00,0.00
Bristol Bay,Naknek,2023,6895356.03,0.00,0.00,0.00,0.00,0.00,34446.71,1164266.40,4610666.96,86803.26,0.00,1364.76,242830.22,754343.91,0.00,0.00,633.80,0.00,0.00
Bristol Bay,Naknek,2024,3160468.81,0.00,0.00,0.00,0.00,0.00,630.19,1532513.77,926915.42,38057.30,0.00,0.00,424149.61,236366.56,1170.56,0.00,665.39,0.00,0.00
Bristol Bay,Naknek,2025,4853062.22,0.00,0.00,0.00,0.00,0.00,7915.11,852963.18,3489925.07,9762.88,0.00,1813.22,157762.98,332476.89,442.90,0.00,0.00,0.00,0.00
Bristol Bay,Nushagak,1963,452397.67,0.00,0.00,39869.80,0.00,0.00,34662.90,0.00,311993.27,0.00,0.00,0.00,65871.70,0.00,0.00,0.00,0.00,0.00,0.00
Bristol Bay,Nushagak,1964,266354.88,0.00,6980.33,51365.85,3.03,0.00,0.00,0.00,0.00,0.00,0.00,0.00,169010.85,38994.83,0.00,0.00,0.00,0.00,0.00
Bristol Bay,Nushagak,1965,582186.38,0.00,11313.94,51758.97,3589.20,0.00,1451.00,210435.63,213741.41,601.63,0.00,0.00,47669.84,41624.75,0.00,0.00,0.00,0.00,0.00
Bristol Bay,Nushagak,1966,411584.84,0.00,0.00,19633.74,0.00,0.00,0.00,30.81,22240.48,2224.92,0.00,0.00,166547.31,188106.89,0.00,0.00,12800.69,0.00,0.00
Bristol Bay,Nushagak,1967,139628.99,0.00,13963.99,40442.49,10664.79,0.00,0.00,0.00,0.00,0.00,0.00,0.00,66347.76,8209.96,0.00,0.00,0.00,0.00,0.00
Bristol Bay,Nushagak,1968,218458.35,0.00,2117.00,9660.60,38788.92,0.00,0.00,0.00,0.00,22924.71,0.00,0.00,124685.10,20282.03,0.00,0.00,0.00,0.00,0.00
Bristol Bay,Nushagak,1969,184391.57,0.00,4968.44,13934.20,1350.56,0.00,669.87,86140.11,51330.16,226.39,0.00,0.00,15074.15,10697.68,0.00,0.00,0.00,0.00,0.00
Bristol Bay,Nushagak,1970,865759.51,0.00,9147.92,83442.93,0.00,0.00,2290.06,91353.33,672473.51,0.00,0.00,0.00,5088.87,1962.88,0.00,0.00,0.00,0.00,0.00
Bristol Bay,Nushagak,1971,674291.31,0.00,0.00,26639.71,1060.56,0.00,0.00,118677.09,520070.55,0.00,0.00,7843.40,0.00,0.00,0.00,0.00,0.00,0.00,0.00
Bristol Bay,Nushagak,1972,87174.07,0.00,0.00,0.00,0.00,0.00,0.00,35190.15,47473.79,0.00,0.00,0.00,4510.14,0.00,0.00,0.00,0.00,0.00,0.00
Bristol Bay,Nushagak,1973,417125.01,0.00,2653.72,97506.88,7853.86,0.00,0.00,4814.99,293844.58,4048.09,0.00,0.00,0.00,6402.89,0.00,0.00,0.00,0.00,0.00
Bristol Bay,Nushagak,1974,252194.81,0.00,1210.67,3369.78,5025.87,0.00,3816.14,127285.04,66889.06,2760.40,0.00,486.23,36821.13,4530.48,0.00,0.00,0.00,0.00,0.00
Bristol Bay,Nushagak,1975,1053797.80,0.00,3598.44,9601.37,0.00,0.00,0.00,0.99,12168.94,4045.32,0.00,0.76,745792.85,278589.14,0.00,0.00,0.00,0.00,0.00
Bristol Bay,Nushagak,1976,1083587.25,0.00,4045.62,75229.31,0.00,0.00,0.00,71034.18,807916.23,3442.50,0.00,0.00,28354.82,93564.58,0.00,0.00,0.00,0.00,0.00
Bristol Bay,Nushagak,1977,1096783.01,0.00,1111.57,25301.72,887.02,0.00,0.00,0.01,863254.69,2596.49,0.00,0.00,46130.07,157501.44,0.00,0.00,0.00,0.00,0.00
Bristol Bay,Nushagak,1978,1431831.67,0.00,15231.33,0.00,1815.78,128.15,33597.73,0.00,1231778.50,0.00,0.00,0.00,61562.14,87718.04,0.00,0.00,0.00,0.00,0.00
Bristol Bay,Nushagak,1979,1048799.63,0.00,6032.60,16604.07,0.00,0.00,0.00,622880.06,69.64,12061.64,0.00,0.00,347527.83,43018.87,0.00,0.00,604.91,0.00,0.00
Bristol Bay,Nushagak,1980,5389939.17,0.00,0.00,62380.83,13547.78,0.00,0.00,190046.54,4934293.18,0.00,0.00,0.00,154757.08,34913.75,0.00,0.00,0.00,0.00,0.00
Bristol Bay,Nushagak,1981,3875793.57,0.00,0.00,16136.16,0.00,0.00,0.00,21273.98,3422922.56,95362.89,0.00,7963.63,203259.64,108874.70,0.00,0.00,0.00,0.00,0.00
Bristol Bay,Nushagak,1982,4067177.59,0.00,72863.20,345825.41,63770.32,2595.99,0.00,89106.42,3028330.45,57970.42,0.00,0.00,0.00,406715.38,0.00,0.00,0.00,0.00,0.00
Bristol Bay,Nushagak,1983,2159923.60,0.00,22436.21,529083.82,133718.05,0.00,0.00,430996.67,933191.77,92537.42,0.00,0.00,11883.06,6076.61,0.00,0.00,0.00,0.00,0.00
Bristol Bay,Nushagak,1984,1340820.43,0.00,30303.88,523064.78,0.00,0.00,0.00,19768.34,767683.43,0.00,0.00,0.00,0.00,0.00,0.00,0.00,0.00,0.00,0.00
Bristol Bay,Nushagak,1985,995643.31,0.00,82470.03,101602.15,34504.48,0.00,1194.62,250006.00,312947.34,45525.50,0.00,0.00,167393.19,0.00,0.00,0.00,0.00,0.00,0.00
Bristol Bay,Nushagak,1986,2379337.93,0.00,115054.71,420279.41,8931.04,0.00,275.84,125109.03,1576924.66,8819.92,0.00,0.00,2611.89,121331.44,0.00,0.00,0.00,0.00,0.00
Bristol Bay,Nushagak,1987,1380199.93,0.00,10147.16,502453.48,34030.60,0.00,0.00,233673.06,594091.30,5804.33,0.00,0.00,0.00,0.00,0.00,0.00,0.00,0.00,0.00
Bristol Bay,Nushagak,1988,1090076.23,0.00,85590.51,218564.41,111519.90,0.00,0.00,46770.54,543194.45,71345.33,0.00,0.00,5890.14,6628.19,572.76,0.00,0.00,0.00,0.00
Bristol Bay,Nushagak,1989,1190738.06,0.00,94281.42,533284.56,26533.24,0.00,0.00,63478.10,432522.59,17209.83,0.00,0.00,3961.82,19466.50,0.00,0.00,0.00,0.00,0.00
Bristol Bay,Nushagak,1990,1804526.26,0.00,174614.99,803990.21,63475.49,0.00,0.00,98020.45,638819.13,20857.68,0.00,0.00,2858.40,1889.91,0.00,0.00,0.00,0.00,0.00
Bristol Bay,Nushagak,1991,1628966.63,0.00,53519.95,667893.30,54040.47,0.00,0.00,32993.82,791155.34,18463.51,0.00,0.00,0.00,10900.24,0.00,0.00,0.00,0.00,0.00
Bristol Bay,Nushagak,1992,1888874.17,0.00,87497.34,450950.25,217691.06,0.00,0.00,206199.49,660534.69,200173.73,0.00,0.00,15735.16,50092.46,0.00,0.00,0.00,0.00,0.00
Bristol Bay,Nushagak,1993,2580049.13,0.00,108080.06,463980.44,110429.81,0.00,0.00,105904.23,1651453.31,122521.51,0.00,0.00,5343.43,11516.82,819.52,0.00,0.00,0.00,0.00
Bristol Bay,Nushagak,1994,1436463.30,0.00,13533.58,588589.89,19981.37,0.00,400.64,37828.36,693606.14,72228.53,0.00,0.00,1126.02,7213.86,1954.93,0.00,0.00,0.00,0.00
Bristol Bay,Nushagak,1995,810994.89,0.00,102933.04,138115.69,113334.83,0.00,0.00,124515.36,292042.14,22474.68,0.00,188.80,13238.50,3919.95,0.00,0.00,231.90,0.00,0.00
Bristol Bay,Nushagak,1996,1623168.66,0.00,41500.76,340637.76,4627.14,0.00,0.00,130535.07,1073214.74,8432.67,0.00,0.00,2430.01,21790.51,0.00,0.00,0.00,0.00,0.00
Bristol Bay,Nushagak,1997,817646.87,0.00,1503.92,49450.26,1046.62,0.00,207.11,48386.28,567660.16,124084.29,0.00,0.00,9026.61,10371.38,5910.24,0.00,0.00,0.00,0.00
Bristol Bay,Nushagak,1998,991559.92,0.00,2075.99,28616.33,0.00,0.00,563.01,70182.16,828614.68,56241.89,0.00,0.00,772.89,4492.95,0.00,0.00,0.00,0.00,0.00
Bristol Bay,Nushagak,1999,451807.05,0.00,0.00,0.00,0.00,0.00,0.00,62890.76,277738.13,102421.80,0.00,0.00,5624.84,3131.51,0.00,0.00,0.00,0.00,0.00
Bristol Bay,Nushagak,2000,1344618.30,0.00,0.00,0.00,0.00,0.00,0.00,363788.39,925448.82,7773.98,0.00,0.00,13338.38,34268.72,0.00,0.00,0.00,0.00,0.00
Bristol Bay,Nushagak,2001,2093784.91,0.00,0.00,0.00,0.00,0.00,0.00,37572.19,1857241.29,186961.54,0.00,0.00,4811.36,7198.54,0.00,0.00,0.00,0.00,0.00
Bristol Bay,Nushagak,2002,691785.04,0.00,0.00,0.00,0.00,0.00,0.00,154933.59,423104.91,99273.38,0.00,0.00,4075.15,10398.02,0.00,0.00,0.00,0.00,0.00
Bristol Bay,Nushagak,2003,2409659.77,0.00,0.00,0.00,0.00,0.00,0.00,88030.57,2237868.86,27111.87,0.00,0.00,7352.30,49296.17,0.00,0.00,0.00,0.00,0.00
Bristol Bay,Nushagak,2004,2062487.12,0.00,0.00,0.00,0.00,0.00,0.00,240487.49,1540416.42,207962.96,3141.63,0.00,13097.99,57380.63,0.00,0.00,0.00,0.00,0.00
Bristol Bay,Nushagak,2005,3672976.30,0.00,0.00,0.00,0.00,0.00,0.00,256405.38,3299219.83,77948.24,0.00,0.00,5166.52,34236.33,0.00,0.00,0.00,0.00,0.00
Bristol Bay,Nushagak,2006,2731826.27,0.00,7788.32,31274.84,6241.05,0.00,0.00,179949.04,2113325.09,374845.07,0.00,0.00,4763.34,13639.52,0.00,0.00,0.00,0.00,0.00
Bristol Bay,Nushagak,2007,2469463.11,0.00,0.00,0.00,0.00,0.00,0.00,388618.20,1763507.72,257535.39,1084.21,0.00,30293.10,24209.89,4214.60,0.00,0.00,0.00,0.00
Bristol Bay,Nushagak,2008,1909482.51,0.00,5026.93,66769.18,18960.80,0.00,2409.38,194650.12,1543092.12,68339.57,363.37,0.00,0.00,9871.03,0.00,0.00,0.00,0.00,0.00
Bristol Bay,Nushagak,2009,2077745.77,0.00,0.00,0.00,0.00,0.00,0.00,359162.59,1474123.86,216438.59,0.00,0.00,5760.26,22260.46,0.00,0.00,0.00,0.00,0.00
Bristol Bay,Nushagak,2010,1206250.66,0.00,4695.94,7279.43,9543.30,0.00,1034.02,104739.85,975338.20,79377.86,0.00,0.00,8747.68,15494.38,0.00,0.00,0.00,0.00,0.00
Bristol Bay,Nushagak,2011,1167743.48,0.00,0.00,53636.49,1441.07,0.00,1273.50,30883.24,1017213.65,37100.34,0.00,0.00,5282.21,20912.98,0.00,0.00,0.00,0.00,0.00
Bristol Bay,Nushagak,2012,1038209.04,0.00,997.79,10879.25,9824.97,0.00,627.40,163624.60,750618.31,94243.83,0.00,0.00,0.00,7392.90,0.00,0.00,0.00,0.00,0.00
Bristol Bay,Nushagak,2013,2010208.72,0.00,0.00,11309.44,0.00,0.00,0.00,97921.87,1834715.03,54932.90,0.00,0.00,4819.45,6510.04,0.00,0.00,0.00,0.00,0.00
Bristol Bay,Nushagak,2014,1510848.70,0.00,0.00,4535.10,3410.25,0.00,0.00,203130.30,1140499.82,142272.26,0.00,0.00,4715.28,12285.69,0.00,0.00,0.00,0.00,0.00
Bristol Bay,Nushagak,2015,2475860.20,0.00,0.00,18243.75,0.00,0.00,0.00,206783.84,2223040.27,25691.45,0.00,0.00,2100.88,0.00,0.00,0.00,0.00,0.00,0.00
Bristol Bay,Nushagak,2016,2575667.31,0.00,0.00,9.10,0.00,0.00,5632.11,486257.72,2060681.75,16030.00,0.00,0.00,3339.27,3717.37,0.00,0.00,0.00,0.00,0.00
Bristol Bay,Nushagak,2017,8199368.38,0.00,0.00,0.00,0.00,0.00,12587.68,3586570.85,4407859.52,103137.54,0.00,0.00,52482.21,36730.58,0.00,0.00,0.00,0.00,0.00
Bristol Bay,Nushagak,2018,9602178.93,0.00,0.00,0.00,0.00,0.00,10214.17,1124540.62,8286002.14,70631.02,0.00,0.00,13701.71,97089.27,0.00,0.00,0.00,0.00,0.00
Bristol Bay,Nushagak,2019,4306596.07,0.00,0.00,0.00,0.00,0.00,7129.23,504879.85,3630434.38,38717.89,0.00,30.89,65786.95,59616.89,0.00,0.00,0.00,0.00,0.00
Bristol Bay,Nushagak,2020,3625516.90,0.00,0.00,0.00,0.00,0.00,6001.99,1701541.75,1871659.88,23052.63,0.00,0.00,9783.42,13477.24,0.00,0.00,0.00,0.00,0.00
Bristol Bay,Nushagak,2021,15073788.64,0.00,0.00,0.00,0.00,0.00,4749.09,8584678.54,6222453.52,38872.30,0.00,0.00,179594.78,34035.75,9404.65,0.00,0.00,0.00,0.00
Bristol Bay,Nushagak,2022,16333545.25,0.00,0.00,1691.57,0.00,0.00,2781.58,1676444.68,14079471.93,111158.79,0.00,0.00,366809.94,95186.76,0.00,0.00,0.00,0.00,0.00
Bristol Bay,Nushagak,2023,5448620.10,0.00,0.00,0.00,0.00,0.00,14671.21,297019.89,4660214.28,112653.64,0.00,1311.63,49533.09,309663.88,3552.48,0.00,0.00,0.00,0.00
Bristol Bay,Nushagak,2024,5629034.75,0.00,0.00,0.00,0.00,0.00,7082.97,4400723.23,1031403.98,96006.83,0.00,782.27,46113.84,42723.23,4198.39,0.00,0.00,0.00,0.00
Bristol Bay,Nushagak,2025,11352727.31,0.00,0.00,0.00,0.00,0.00,2605.85,4897265.64,6171252.82,13635.10,0.00,0.00,197600.20,70367.70,0.00,0.00,0.00,0.00,0.00
Bristol Bay,Ugashik,1963,679649.32,0.00,0.00,0.00,0.00,0.00,867.02,27692.25,165551.59,996.99,0.00,3694.46,440004.05,40842.96,0.00,0.00,0.00,0.00,0.00
Bristol Bay,Ugashik,1964,1305818.32,0.00,0.00,0.00,0.00,0.00,67.68,937285.51,60776.59,0.00,0.00,5926.19,248741.34,53021.00,0.00,0.00,0.00,0.00,0.00
Bristol Bay,Ugashik,1965,2884254.35,0.00,0.00,10770.48,0.00,0.00,240.73,329872.16,391311.61,649.07,0.00,1262.44,1997877.26,152270.61,0.00,0.00,0.00,0.00,0.00
Bristol Bay,Ugashik,1966,1373739.28,0.00,0.00,699.08,0.00,0.00,0.00,77486.94,484228.91,961.84,0.00,754.10,273290.00,531779.58,0.00,0.00,1451.85,3086.99,0.00
Bristol Bay,Ugashik,1967,440092.80,0.00,0.00,0.00,0.00,0.00,133.66,10883.55,149927.91,1165.81,0.00,48.90,158144.04,119788.93,0.00,0.00,0.00,0.00,0.00
Bristol Bay,Ugashik,1968,149356.42,0.00,0.00,102.23,0.00,0.00,0.00,18937.86,21607.73,79.32,0.00,10590.24,77496.91,20233.06,266.34,0.00,0.00,42.72,0.00
Bristol Bay,Ugashik,1969,301894.30,0.00,373.24,0.00,0.00,0.00,100.58,47512.09,8226.24,2125.79,0.00,2815.21,220162.91,20578.24,0.00,0.00,0.00,0.00,0.00
Bristol Bay,Ugashik,1970,1052934.46,0.00,0.00,406.76,0.00,0.00,0.00,772415.78,51187.14,0.00,0.00,0.00,212639.58,16285.20,0.00,0.00,0.00,0.00,0.00
Bristol Bay,Ugashik,1971,1774596.39,0.00,0.00,0.00,117.07,0.00,0.00,98165.59,1554968.79,549.04,0.00,0.00,42250.34,76457.56,0.00,0.00,1793.84,294.16,0.00
Bristol Bay,Ugashik,1972,131748.18,0.00,0.00,0.00,0.00,0.00,111.07,16984.71,54843.66,228.38,0.00,0.00,42253.96,17326.41,0.00,0.00,0.00,0.00,0.00
Bristol Bay,Ugashik,1973,63411.41,0.00,0.00,0.00,0.00,0.00,0.00,4547.90,10063.27,0.00,0.00,319.26,13507.69,34931.51,0.00,0.00,41.79,0.00,0.00
Bristol Bay,Ugashik,1974,66751.58,0.00,0.00,0.00,0.00,0.00,0.00,3708.87,5660.77,0.00,0.00,205.93,52667.53,4394.11,114.37,0.00,0.00,0.00,0.00
Bristol Bay,Ugashik,1975,525564.69,0.00,0.00,0.00,0.00,0.00,0.00,193375.63,2799.24,0.00,0.00,0.00,303315.55,24457.55,138.01,0.00,1478.72,0.00,0.00
Bristol Bay,Ugashik,1976,618700.62,0.00,0.00,0.00,0.00,0.00,0.00,0.00,0.00,0.00,0.00,0.00,573772.56,0.00,0.00,0.00,44928.06,0.00,0.00
Bristol Bay,Ugashik,1977,429697.41,0.00,0.00,4466.56,0.00,0.00,0.00,26044.95,87270.63,0.00,0.00,0.00,145198.45,165880.31,0.00,0.00,85.11,751.41,0.00
Bristol Bay,Ugashik,1978,97115.02,0.00,0.00,0.00,0.00,0.00,1087.60,9986.43,6764.36,0.00,0.00,14009.60,21376.57,39457.83,1722.91,0.00,1743.94,965.79,0.00
Bristol Bay,Ugashik,1979,2286731.62,0.00,1672.09,0.00,0.00,0.00,0.00,1565298.95,8384.86,322.46,0.00,5168.96,660051.92,37293.97,0.00,0.00,6039.36,2499.06,0.00
Bristol Bay,Ugashik,1980,4642573.24,0.00,0.00,0.00,0.00,0.00,792.36,2328526.87,578240.21,0.00,0.00,61271.85,1608268.16,65473.78,0.00,0.00,0.00,0.00,0.00
Bristol Bay,Ugashik,1981,4078237.48,0.00,0.00,11007.96,0.00,0.00,0.00,642642.93,1705027.68,0.00,0.00,0.00,1352579.36,365466.28,0.00,0.00,1513.28,0.00,0.00
Bristol Bay,Ugashik,1982,2682649.73,0.00,0.00,7169.65,0.00,0.00,22988.41,245523.69,1822598.00,8659.85,0.00,3163.41,230132.82,341623.69,790.21,0.00,0.00,0.00,0.00
Bristol Bay,Ugashik,1983,4148448.42,0.00,0.00,0.00,0.00,0.00,1117.26,3310049.21,336577.38,5812.77,0.00,10427.29,343911.62,138885.49,0.00,0.00,0.00,1667.40,0.00
Bristol Bay,Ugashik,1984,4166991.72,0.00,240.63,5235.63,0.00,0.00,861.93,1405682.33,786899.52,4513.36,0.00,35830.19,1672860.70,253588.77,1278.65,0.00,0.00,0.00,0.00
Bristol Bay,Ugashik,1985,7940798.20,0.00,0.00,4923.25,0.00,0.00,4612.33,1742861.18,2168627.53,23148.85,0.00,6623.38,3340398.47,649603.19,0.00,0.00,0.00,0.00,0.00
Bristol Bay,Ugashik,1986,6727273.70,0.00,0.00,4885.74,0.00,0.00,0.00,325144.67,3026320.34,14429.14,0.00,266.24,2261030.86,1090175.90,4902.93,0.00,117.87,0.00,0.00
Bristol Bay,Ugashik,1987,2910012.71,271.19,1456.03,11993.46,1155.87,0.00,74.22,733502.96,680800.95,3536.13,0.00,3616.50,543094.92,929012.02,1322.21,0.00,176.25,0.00,0.00
Bristol Bay,Ugashik,1988,2155143.21,0.00,1889.86,9752.75,727.95,0.00,445.95,479102.58,252201.24,8557.77,0.00,50457.48,562361.89,788805.73,840.02,0.00,0.00,0.00,0.00
Bristol Bay,Ugashik,1989,5363340.07,0.00,5097.52,8788.16,0.00,0.00,555.39,646743.35,605094.48,2965.72,0.00,1021.61,3868563.23,221167.20,2660.54,0.00,682.87,0.00,0.00
Bristol Bay,Ugashik,1990,2712617.44,0.00,5014.25,48370.47,0.00,0.00,97.28,459249.60,807793.19,12415.95,0.00,791.25,878253.71,500631.75,0.00,0.00,0.00,0.00,0.00
Bristol Bay,Ugashik,1991,5959036.39,0.00,568.65,7801.40,46.70,0.00,1791.93,856333.74,2678328.79,2117.01,0.00,11200.66,1927859.19,470702.98,0.00,0.00,0.00,2285.34,0.00
Bristol Bay,Ugashik,1992,6341238.57,0.00,3611.66,7709.13,0.00,0.00,5841.08,470687.77,1811306.19,77767.81,0.00,33263.38,1998210.96,1925221.38,5839.10,0.00,1780.11,0.00,0.00
Bristol Bay,Ugashik,1993,6216697.59,0.00,0.00,8149.22,0.00,0.00,973.07,928149.84,795903.37,13745.07,0.00,13862.70,2017208.91,2421156.59,17548.83,0.00,0.00,0.00,0.00
Bristol Bay,Ugashik,1994,5569971.24,0.00,442.53,10683.01,0.00,0.00,6843.17,374219.71,407113.50,19276.39,0.00,12550.98,2510466.39,2182844.24,39039.40,0.00,6050.57,441.35,0.00
Bristol Bay,Ugashik,1995,5912958.00,0.00,4731.04,263.63,1406.93,0.00,6376.27,2063055.64,787820.69,10738.14,0.00,420.43,2004494.79,1024308.94,1267.13,0.00,0.00,8074.37,0.00
Bristol Bay,Ugashik,1996,5370652.68,0.00,1082.10,59370.40,0.00,0.00,1969.61,322825.19,3857991.31,2495.32,0.00,9211.46,452473.69,662361.37,872.23,0.00,0.00,0.00,0.00
Bristol Bay,Ugashik,1997,2508751.35,0.00,0.01,2503.05,1048.18,0.00,19397.44,408126.14,839604.93,19159.94,0.00,5033.35,935883.71,276441.97,1552.63,0.00,0.00,0.00,0.00
Bristol Bay,Ugashik,1998,1892274.62,0.00,2857.13,1013.08,0.00,0.00,10260.69,260832.75,391217.23,690.72,0.00,7829.85,273290.20,940447.82,3835.14,0.00,0.00,0.00,0.00
Bristol Bay,Ugashik,1999,5223880.81,0.00,0.00,0.00,0.00,0.00,0.00,3803140.40,521899.93,29347.03,0.00,0.00,596048.48,244593.85,27506.53,0.00,0.00,1344.58,0.00
Bristol Bay,Ugashik,2000,2300098.29,0.00,0.00,0.00,0.10,0.00,0.00,260683.56,1732034.86,8349.85,0.00,0.00,130226.11,168386.81,0.00,0.00,0.00,417.00,0.00
Bristol Bay,Ugashik,2001,1467574.96,0.00,0.00,0.47,0.00,0.00,1237.27,283827.95,1050833.30,31423.72,96.84,2867.17,31801.30,63023.64,2367.32,0.00,0.00,95.95,0.00
Bristol Bay,Ugashik,2002,2499048.61,0.00,0.09,0.00,0.00,0.00,3670.88,179053.30,647818.20,1054.80,0.00,21.42,1657638.04,9008.43,783.04,0.00,0.32,0.09,0.00
Bristol Bay,Ugashik,2003,2540239.79,0.00,0.00,0.00,0.00,0.00,2248.78,1255075.28,302211.31,11946.13,140.21,24647.60,524716.21,418907.63,345.03,0.00,1.60,0.00,0.00
Bristol Bay,Ugashik,2004,4202828.26,0.00,0.00,0.11,0.00,0.00,628.90,1866357.04,907859.27,4401.68,0.00,397.44,1185602.64,235000.59,2115.71,0.00,464.82,0.00,0.05
Bristol Bay,Ugashik,2005,3090001.95,0.00,0.00,0.13,0.00,0.00,7745.02,399297.91,2342567.07,4844.40,0.00,2009.41,44273.56,289264.45,0.00,0.00,0.00,0.00,0.00
Bristol Bay,Ugashik,2006,3779176.13,0.00,17203.58,7693.05,409.66,0.00,10937.70,2071288.97,1437912.09,25205.90,0.00,241.89,130860.81,74227.32,3194.14,0.00,0.62,0.39,0.00
Bristol Bay,Ugashik,2007,7399703.25,0.00,0.00,0.00,0.00,0.00,12626.77,4701777.63,2167492.85,52169.79,0.00,0.00,305593.96,160042.24,0.00,0.00,0.00,0.00,0.00
Bristol Bay,Ugashik,2008,2930788.30,0.00,0.00,521.53,753.25,0.00,650.13,1319887.08,1532813.30,13088.69,346.94,372.98,35668.24,26175.84,502.17,0.00,8.15,0.00,0.00
Bristol Bay,Ugashik,2009,3851254.22,0.00,0.00,0.00,0.00,0.00,66930.38,876221.30,1594092.32,12796.73,0.00,1956.52,1238125.80,61131.17,0.00,0.00,0.00,0.00,0.00
Bristol Bay,Ugashik,2010,4988743.50,0.00,0.00,2987.30,930.90,0.00,41842.78,1066919.60,2314050.32,2920.87,0.00,21808.01,1174215.22,363068.51,0.00,0.00,0.00,0.00,0.00
Bristol Bay,Ugashik,2011,4203387.33,0.00,0.00,0.00,354.00,0.00,7974.25,1274646.03,1077435.77,6211.60,0.00,13504.98,935099.17,887536.05,0.00,0.00,625.48,0.00,0.00
Bristol Bay,Ugashik,2012,2922090.79,0.00,0.00,2817.64,0.00,0.00,8826.12,1047221.51,930354.80,7477.06,0.00,1655.56,697799.66,223237.85,2700.10,0.00,0.50,0.00,0.00
Bristol Bay,Ugashik,2013,2634359.70,0.00,0.00,0.00,1716.41,0.00,10045.27,376289.51,1729138.02,1857.67,0.00,2519.25,332241.25,180552.26,0.00,0.00,0.00,0.06,0.00
Bristol Bay,Ugashik,2014,1154655.59,0.00,949.28,1095.69,0.00,0.00,64066.54,579294.20,317253.46,798.40,0.00,6942.27,144373.05,39882.25,0.44,0.00,0.00,0.00,0.00
Bristol Bay,Ugashik,2015,4248857.79,0.00,0.00,0.00,0.00,0.00,104687.36,2738466.36,790143.79,19.09,0.00,41288.33,441781.20,132471.64,0.00,0.00,0.03,0.00,0.00
Bristol Bay,Ugashik,2016,7192817.50,0.00,0.00,0.00,0.00,0.00,29906.30,3480574.00,2087481.78,0.00,0.00,5117.04,1304626.36,283973.01,0.00,0.00,0.00,1139.02,0.00
Bristol Bay,Ugashik,2017,6672737.54,0.00,0.00,0.00,0.00,0.00,70409.78,3860506.65,1582990.74,8425.06,0.00,978.05,653764.07,495528.20,0.00,0.00,132.54,2.45,0.00
Bristol Bay,Ugashik,2018,4770222.76,0.00,0.00,0.00,0.00,0.00,13553.78,2596182.36,2008451.04,6249.24,306.46,0.07,56487.63,84332.12,4394.60,0.00,0.00,265.47,0.00
Bristol Bay,Ugashik,2019,3604963.05,0.00,0.00,0.00,0.00,0.00,53838.48,1880555.73,1576519.50,2521.96,0.00,6553.66,53209.32,31764.35,0.00,0.00,0.00,0.04,0.00
Bristol Bay,Ugashik,2020,5078613.98,0.00,0.00,0.00,0.00,0.00,103761.77,3018962.97,1598528.32,1571.93,0.00,5883.32,321079.83,28825.83,0.00,0.00,0.00,0.00,0.00
Bristol Bay,Ugashik,2021,10860143.50,0.00,0.00,0.00,0.00,0.00,20784.87,6695358.77,2971244.67,1.37,0.00,3330.47,844961.11,324454.85,7.38,0.00,0.00,0.00,0.00
Bristol Bay,Ugashik,2022,7531752.09,0.00,0.00,0.00,0.00,0.00,7524.90,1171770.13,5562445.30,5326.92,0.00,2901.24,527078.43,254679.49,0.00,0.00,25.69,0.00,0.00
Bristol Bay,Ugashik,2023,4378218.57,0.00,0.00,0.00,0.00,0.00,170457.91,392624.76,2366944.16,33362.05,0.00,11832.58,408380.61,994615.01,0.00,0.00,1.48,0.00,0.00
Bristol Bay,Ugashik,2024,7955574.47,0.00,0.00,0.00,0.00,0.00,21669.91,6205992.35,632686.79,67.17,0.00,9706.30,468629.15,615312.13,1510.67,0.00,0.00,0.00,0.00
Bristol Bay,Wood,1963,1597997.27,0.00,0.00,0.00,0.00,0.00,5684.05,907851.78,451855.84,0.00,0.00,15165.69,172394.87,45045.04,0.00,0.00,0.00,0.00,0.00
Bristol Bay,Wood,1964,2413804.48,0.00,147.90,262.65,238.89,0.00,0.00,1610957.72,458540.11,0.00,0.00,69.11,316785.13,26802.98,0.00,0.00,0.00,0.00,0.00
Bristol Bay,Wood,1965,1302507.09,0.00,850.54,2736.33,0.00,0.00,1738.65,218861.03,942241.00,0.00,0.00,0.00,96536.34,39543.20,0.00,0.00,0.00,0.00,0.00
Bristol Bay,Wood,1966,2500620.89,0.00,0.00,0.00,0.00,0.00,0.00,970914.65,1422998.09,4276.70,0.00,95.31,13439.74,88896.40,0.00,0.00,0.00,0.00,0.00
Bristol Bay,Wood,1967,1150410.21,0.00,0.00,0.00,503.64,0.00,116.58,591145.50,422690.03,871.10,0.00,658.88,109138.19,25286.29,0.00,0.00,0.00,0.00,0.00
Bristol Bay,Wood,1968,1547964.89,0.00,2071.23,5166.73,0.00,0.00,594.90,492966.16,947040.95,4123.81,0.00,909.89,53834.90,40572.32,684.01,0.00,0.00,0.00,0.00
Bristol Bay,Wood,1969,1351285.17,0.00,0.00,2099.58,0.00,0.00,5583.58,597032.00,320745.70,0.00,0.00,133.75,386106.39,39341.30,0.00,0.00,0.00,242.87,0.00
Bristol Bay,Wood,1970,2238536.85,0.00,0.00,0.00,0.00,0.00,1499.12,959032.29,1024258.46,0.00,0.00,222.95,171818.56,80891.32,814.16,0.00,0.00,0.00,0.00
Bristol Bay,Wood,1971,2063662.46,0.00,0.00,7435.37,0.00,0.00,909.08,575431.04,1205631.33,4897.41,0.00,526.91,50018.47,218812.86,0.00,0.00,0.00,0.00,0.00
Bristol Bay,Wood,1972,998549.91,0.00,0.00,5656.34,327.94,0.00,0.00,552271.93,289066.89,5650.17,0.00,0.00,81500.39,64076.25,0.00,0.00,0.00,0.00,0.00
Bristol Bay,Wood,1973,735060.42,0.00,0.00,1899.42,0.00,38.92,3951.80,60777.28,565465.41,653.44,316.47,0.00,3925.92,97783.47,248.28,0.00,0.00,0.00,0.00
Bristol Bay,Wood,1974,2244579.17,0.00,2468.33,0.00,0.00,0.00,1697.15,1387914.80,438023.65,4461.67,0.00,4458.88,383877.88,21676.81,0.00,0.00,0.00,0.00,0.00
Bristol Bay,Wood,1975,1773846.77,0.00,1694.57,19060.90,0.00,0.00,1706.68,444270.19,1022201.30,10313.05,0.00,0.00,179643.39,94956.69,0.00,0.00,0.00,0.00,0.00
Bristol Bay,Wood,1976,1711906.97,0.00,645.22,11222.70,0.00,0.00,1244.92,802385.79,643532.14,0.00,0.00,0.00,202944.74,49931.47,0.00,0.00,0.00,0.00,0.00
Bristol Bay,Wood,1977,812891.67,0.00,0.00,1261.10,0.00,0.00,2408.93,233282.45,422944.76,0.00,0.00,0.00,41827.51,111166.93,0.00,0.00,0.00,0.00,0.00
Bristol Bay,Wood,1978,4706520.49,0.00,0.00,12417.09,0.00,0.00,30667.33,3403445.31,1154122.60,34888.90,0.00,4257.34,44713.57,22008.35,0.00,0.00,0.00,0.00,0.00
Bristol Bay,Wood,1979,4185627.69,0.00,0.00,0.00,0.00,0.00,1967.11,1796332.41,1924881.35,0.00,0.00,0.00,437456.19,24990.64,0.00,0.00,0.00,0.00,0.00
Bristol Bay,Wood,1980,6143341.61,0.00,0.00,0.00,0.00,0.00,19300.03,2652958.12,2809723.66,8334.13,0.00,4012.52,548783.17,100229.98,0.00,0.00,0.00,0.00,0.00
Bristol Bay,Wood,1981,6009033.28,0.00,0.00,0.00,0.00,0.00,0.00,1275546.01,3010832.93,7864.48,0.00,0.00,617473.49,1097316.37,0.00,0.00,0.00,0.00,0.00
Bristol Bay,Wood,1982,4093669.81,0.00,0.00,0.00,0.00,0.00,16285.53,1274165.79,2444584.07,9226.85,0.00,2793.63,55897.77,290716.17,0.00,0.00,0.00,0.00,0.00
Bristol Bay,Wood,1983,4106631.48,0.00,0.00,0.00,0.00,0.00,0.00,2360528.69,688659.05,0.00,0.00,0.00,1025110.07,27016.40,3348.95,0.00,1968.32,0.00,0.00
Bristol Bay,Wood,1984,2349711.65,0.00,0.00,0.00,10444.85,0.00,0.00,472215.59,1708952.77,13287.76,0.00,0.00,31620.18,113190.51,0.00,0.00,0.00,0.00,0.00
Bristol Bay,Wood,1985,1527764.22,0.00,0.00,0.00,0.00,0.00,3627.67,613921.92,810844.45,1419.31,0.00,0.00,72533.63,25417.25,0.00,0.00,0.00,0.00,0.00
Bristol Bay,Wood,1986,2106059.95,154.97,0.00,0.00,2310.31,0.00,1358.70,533178.13,1383072.00,1486.03,0.00,0.00,69787.38,114712.43,0.00,0.00,0.00,0.00,0.00
Bristol Bay,Wood,1987,3517784.92,0.00,0.00,1041.30,0.26,0.00,381.82,1839382.77,1388422.60,0.04,0.00,0.00,125734.28,162821.83,0.00,0.00,0.00,0.00,0.00
Bristol Bay,Wood,1988,2000001.52,0.00,8941.07,0.00,0.00,0.00,1454.52,586695.16,1353389.37,12821.39,0.00,0.00,15113.78,21586.23,0.00,0.00,0.00,0.00,0.00
Bristol Bay,Wood,1989,3099741.63,0.00,3187.57,16157.44,1241.34,0.00,2186.65,1380822.30,1498999.89,2817.90,0.00,0.00,80678.96,113649.57,0.00,0.00,0.00,0.00,0.00
Bristol Bay,Wood,1990,3195122.87,0.00,18995.27,31946.71,562.77,0.00,0.00,1225883.75,1822593.98,16112.15,0.00,0.00,44470.35,34557.89,0.00,0.00,0.00,0.00,0.00
Bristol Bay,Wood,1991,4506270.81,0.00,7723.02,74928.93,1260.70,0.00,1123.73,1579965.35,2760108.06,3604.71,0.00,148.42,52691.50,24716.39,0.00,0.00,0.00,0.00,0.00
Bristol Bay,Wood,1992,3071689.78,0.00,2349.19,18867.95,16959.27,0.00,4109.94,1850506.32,991109.37,20885.22,0.00,0.00,87904.72,78154.66,843.13,0.00,0.00,0.00,0.00
Bristol Bay,Wood,1993,4748131.88,0.00,5650.68,19840.91,4367.96,0.00,1442.11,2563487.26,1935323.26,6776.76,0.00,0.00,90116.86,121126.07,0.00,0.00,0.00,0.00,0.00
Bristol Bay,Wood,1994,3696594.40,0.00,0.00,23365.31,0.00,0.00,12307.02,1122283.39,2443446.53,12680.17,0.00,1436.32,23863.73,57211.93,0.00,0.00,0.00,0.00,0.00
Bristol Bay,Wood,1995,4938613.22,0.00,8952.55,8271.05,5426.10,0.00,1295.23,2739166.73,1824009.00,2446.60,0.00,0.00,301350.52,46746.60,948.85,0.00,0.00,0.00,0.00
Bristol Bay,Wood,1996,5959843.73,0.00,13405.28,77658.37,0.00,0.00,0.00,2380885.84,3167633.25,4644.35,0.00,0.00,51076.79,264539.85,0.00,0.00,0.00,0.00,0.00
Bristol Bay,Wood,1997,3879033.90,0.00,0.00,1681.23,6088.10,0.00,10891.95,1710296.46,1931609.00,65018.48,911.03,0.00,85258.56,66659.77,0.00,0.00,0.00,619.32,0.00
Bristol Bay,Wood,1998,4421017.66,0.00,418.52,0.00,4109.08,0.00,7336.08,2990516.70,1233241.44,0.00,0.00,489.36,138580.94,45423.71,132.09,0.00,769.75,0.00,0.00
Bristol Bay,Wood,1999,7403081.02,0.00,0.00,0.00,0.00,0.00,0.00,4452434.94,2383373.96,2587.76,0.00,0.00,400065.85,163436.76,1181.74,0.00,0.00,0.00,0.00
Bristol Bay,Wood,2000,6541118.44,0.00,0.00,0.00,0.00,0.00,0.00,3104643.30,3217087.03,2874.03,0.00,0.00,117398.06,99116.02,0.00,0.00,0.00,0.00,0.00
Bristol Bay,Wood,2001,4644098.58,0.00,0.00,0.00,0.00,0.00,2776.47,204615.17,4383745.45,9319.03,0.00,0.00,2900.45,40742.01,0.00,0.00,0.00,0.00,0.00
Bristol Bay,Wood,2002,3859721.54,0.00,1094.58,748.92,0.00,0.00,725.25,3038333.54,584427.05,21332.98,0.00,899.99,194836.39,17322.85,0.00,0.00,0.00,0.00,0.00
Bristol Bay,Wood,2003,6233372.18,0.00,0.00,0.00,0.00,0.00,4296.86,2291699.74,3535682.50,25529.27,0.00,447.80,148016.76,227699.24,0.00,0.00,0.00,0.00,0.00
Bristol Bay,Wood,2004,6430474.97,0.00,0.00,0.00,0.00,0.00,0.00,3280705.37,2609498.75,5315.46,0.00,0.00,399870.91,134874.82,181.15,0.00,0.00,28.51,0.00
Bristol Bay,Wood,2005,5881534.43,0.00,0.00,0.00,0.00,0.00,44385.76,2176259.14,3230094.22,8218.89,0.00,0.00,112747.79,309514.20,314.43,0.00,0.00,0.00,0.00
Bristol Bay,Wood,2006,12640215.19,0.00,0.00,27855.86,0.00,0.00,4139.75,5937283.88,5495801.18,60784.77,0.00,0.00,562702.14,550290.44,0.00,1357.17,0.00,0.00,0.00
Bristol Bay,Wood,2007,7794243.47,0.00,0.00,0.00,0.00,0.00,10784.47,5350245.61,2121062.96,13526.84,0.00,0.00,236544.50,62043.87,0.00,0.00,0.00,0.00,35.22
Bristol Bay,Wood,2008,6804843.24,0.00,0.00,0.00,0.00,0.00,0.00,3914076.52,2811164.29,0.00,0.00,0.00,37753.00,41849.42,0.00,0.00,0.00,0.00,0.00
Bristol Bay,Wood,2009,6673678.51,0.00,0.00,0.00,0.00,0.00,40677.03,2515742.98,3867602.65,49755.50,0.00,0.00,112868.39,87031.96,0.00,0.00,0.00,0.00,0.00
Bristol Bay,Wood,2010,8809666.87,0.00,106.83,405.12,1713.08,0.00,2505.69,4545899.60,3860079.30,23501.07,0.00,2333.63,235871.35,137251.20,0.00,0.00,0.00,0.00,0.00
Bristol Bay,Wood,2011,4949205.89,0.00,687.12,0.00,2356.68,0.00,0.00,1466827.18,3188317.58,9697.71,0.00,0.00,185856.81,95462.81,0.00,0.00,0.00,0.00,0.00
Bristol Bay,Wood,2012,2699118.66,0.00,0.00,0.00,0.00,0.00,1790.50,1307145.76,1145264.91,16183.71,0.00,0.00,175481.71,52955.20,296.87,0.00,0.00,0.00,0.00
Bristol Bay,Wood,2013,3286868.26,0.00,0.00,0.00,0.00,0.00,41826.11,1383003.79,1776719.85,1275.51,0.00,1627.17,47806.70,34609.13,0.00,0.00,0.00,0.00,0.00
Bristol Bay,Wood,2014,7169894.76,0.00,0.00,6300.61,0.00,0.00,10412.32,4798046.79,2057086.57,20585.26,0.00,1237.64,209067.54,67158.03,0.00,0.00,0.00,0.00,0.00
Bristol Bay,Wood,2015,5019585.23,0.00,0.00,0.00,0.00,0.00,77215.25,2666460.35,1989083.35,0.00,0.00,2945.87,214841.86,68012.31,1026.23,0.00,0.00,0.00,0.00
Bristol Bay,Wood,2016,6384574.63,0.00,0.00,4174.59,1229.23,0.00,207823.49,3133423.10,2859736.75,13532.95,0.00,0.00,105680.45,58421.46,552.62,0.00,0.00,0.00,0.00
Bristol Bay,Wood,2017,11287413.55,0.00,0.00,0.00,0.00,0.00,163320.94,9677409.99,1384225.80,1099.20,3882.60,0.00,56375.81,1099.20,0.00,0.00,0.00,0.00,0.00
Bristol Bay,Wood,2018,22680172.71,0.00,0.00,3134.83,0.00,0.00,0.00,20246491.97,2368581.27,0.00,0.00,3535.26,57516.87,0.00,0.00,0.00,0.00,912.51,0.00
Bristol Bay,Wood,2019,12340740.14,0.00,0.00,0.00,0.00,0.00,87517.70,8064807.01,3790598.52,75.93,0.00,4770.94,340940.07,52029.97,0.00,0.00,0.00,0.00,0.00
Bristol Bay,Wood,2020,8004914.94,0.00,0.00,0.00,0.00,0.00,36289.02,5724076.38,2193179.14,975.11,0.00,0.00,38541.97,11853.32,0.00,0.00,0.00,0.00,0.00
Bristol Bay,Wood,2021,12670319.95,0.00,0.00,0.00,0.00,0.00,8527.02,11139832.21,1013268.72,121.00,0.00,3526.40,429452.95,75591.65,0.00,0.00,0.00,0.00,0.00
Bristol Bay,Wood,2022,12410175.87,0.00,0.00,0.00,0.00,0.00,7208.09,7504564.42,3475376.74,13005.46,0.00,0.00,1226114.10,183907.06,0.00,0.00,0.00,0.00,0.00
Bristol Bay,Wood,2023,10418936.25,0.00,0.00,0.00,0.00,0.00,61995.91,3376878.59,5551956.45,1524.60,0.00,1337.22,401733.63,1023509.85,0.00,0.00,0.00,0.00,0.00
Bristol Bay,Wood,2024,12276225.40,0.00,0.00,0.00,0.00,0.00,14682.70,10251697.20,1458592.11,6978.12,0.00,0.00,448760.16,95515.09,0.00,0.00,0.00,0.00,0.00
Bristol Bay,Wood,2025,9029669.48,0.00,0.00,0.00,0.00,0.00,0.00,5552384.25,3157792.80,96.92,0.00,0.00,136000.50,183395.01,0.00,0.00,0.00,0.00,0.00
