System,River,ReturnYear,Total_Returns,AgeClass_0.1,AgeClass_0.2,AgeClass_1.1,AgeClass_0.3,AgeClass_1.2,AgeClass_2.1,AgeClass_0.4,AgeClass_1.3,AgeClass_2.2,AgeClass_1.4,AgeClass_2.3,AgeClass_3.2,AgeClass_1.5
Fraser River,Late Stuart,1950,NA,0,NA,0,NA,NA,NA,NA,NA,0,NA,NA,NA,NA
Fraser River,Late Stuart,1951,NA,0,0,0,NA,NA,NA,NA,NA,0,NA,NA,NA,NA
Fraser River,Late Stuart,1952,NA,0,0,3433,0,327,0,NA,NA,0,NA,NA,NA,NA
Fraser River,Late Stuart,1953,1527145,0,0,591,0,1526554,0,0,0,0,NA,NA,NA,NA
Fraser River,Late Stuart,1954,36886,0,0,0,0,36671,0,0,0,215,0,0,0,NA
Fraser River,Late Stuart,1955,58590,0,0,86,0,56085,0,0,2419,0,0,0,0,0
Fraser River,Late Stuart,1956,12413,0,0,830,0,3858,0,0,7559,166,0,0,0,0
Fraser River,Late Stuart,1957,1548251,0,0,150,0,1548072,0,0,29,0,0,0,0,0
Fraser River,Late Stuart,1958,138477,0,0,29,0,135111,0,0,1470,1867,0,0,0,0
Fraser River,Late Stuart,1959,52900,0,0,0,0,50196,0,0,2704,0,0,0,0,0
Fraser River,Late Stuart,1960,15466,0,0,874,0,13472,0,0,1120,0,0,0,0,0
Fraser River,Late Stuart,1961,1360396,0,0,672,0,1327094,0,0,32630,0,0,0,0,0
Fraser River,Late Stuart,1962,55027,0,0,67,0,53044,0,0,1916,0,0,0,0,0
Fraser River,Late Stuart,1963,7080,0,0,27,0,6092,0,0,961,0,0,0,0,0
Fraser River,Late Stuart,1964,8034,0,0,143,0,6658,0,0,1233,0,0,0,0,0
Fraser River,Late Stuart,1965,773362,0,0,45,0,770385,0,0,2932,0,0,0,0,0
Fraser River,Late Stuart,1966,51082,0,0,25,0,43107,0,0,7535,415,0,0,0,0
Fraser River,Late Stuart,1967,13888,0,0,60,0,11911,0,0,1917,0,0,0,0,0
Fraser River,Late Stuart,1968,2147,0,0,228,0,1806,0,0,113,0,0,0,0,0
Fraser River,Late Stuart,1969,1103957,0,0,274,0,1102448,0,0,1235,0,0,0,0,0
Fraser River,Late Stuart,1970,94021,0,0,224,0,71954,0,0,21752,91,0,0,0,0
Fraser River,Late Stuart,1971,8145,0,0,0,0,6294,0,0,1851,0,0,0,0,0
Fraser River,Late Stuart,1972,40187,0,0,2756,0,27393,0,0,10038,0,0,0,0,0
Fraser River,Late Stuart,1973,1607116,0,0,318,0,1602892,54,0,3906,0,0,0,0,0
Fraser River,Late Stuart,1974,91651,0,0,1243,0,70520,0,0,19888,0,0,0,0,0
Fraser River,Late Stuart,1975,65527,0,0,0,0,65527,0,0,0,0,0,0,0,0
Fraser River,Late Stuart,1976,16470,0,0,290,0,16180,0,0,0,0,0,0,0,0
Fraser River,Late Stuart,1977,661599,0,0,855,0,658158,0,0,2586,0,0,0,0,0
Fraser River,Late Stuart,1978,56784,0,0,541,0,48593,0,0,5807,1843,0,0,0,0
Fraser River,Late Stuart,1979,215365,0,0,0,0,214097,0,0,1268,0,0,0,0,0
Fraser River,Late Stuart,1980,3921,0,0,104,0,3339,0,0,478,0,0,0,0,0
Fraser River,Late Stuart,1981,1314560,0,0,699,0,1313861,0,0,0,0,0,0,0,0
Fraser River,Late Stuart,1982,113596,0,0,0,0,69820,0,0,43776,0,0,0,0,0
Fraser River,Late Stuart,1983,15782,0,0,0,0,6854,0,0,8928,0,0,0,0,0
Fraser River,Late Stuart,1984,21440,0,0,0,0,21440,0,0,0,0,0,0,0,0
Fraser River,Late Stuart,1985,1978203,0,0,193,0,1978010,0,0,0,0,0,0,0,0
Fraser River,Late Stuart,1986,107988,0,0,0,0,52097,0,0,55891,0,0,0,0,0
Fraser River,Late Stuart,1987,23116,0,0,222,0,14195,0,0,8699,0,0,0,0,0
Fraser River,Late Stuart,1988,26026,0,0,7755,0,14522,0,0,3717,32,0,0,0,0
Fraser River,Late Stuart,1989,3367350,0,0,264,0,3367086,0,0,0,0,0,0,0,0
Fraser River,Late Stuart,1990,858898,0,0,984,0,725126,0,0,132788,0,0,0,0,0
Fraser River,Late Stuart,1991,376655,0,0,1552,0,283932,0,0,91171,0,0,0,0,0
Fraser River,Late Stuart,1992,322645,0,0,20256,0,207234,0,0,95155,0,0,0,0,0
Fraser River,Late Stuart,1993,5163174,0,0,440,0,5162734,0,0,0,0,0,0,0,0
Fraser River,Late Stuart,1994,517173,0,0,354,0,372685,44,0,144134,0,0,0,0,0
Fraser River,Late Stuart,1995,108095,0,0,0,0,91441,0,0,16654,0,0,0,0,0
Fraser River,Late Stuart,1996,150838,0,0,4082,0,128970,0,0,17786,0,0,0,0,0
Fraser River,Late Stuart,1997,3255574,0,0,0,0,3249145,0,0,6429,0,0,0,0,0
Fraser River,Late Stuart,1998,620406,0,0,1366,0,108011,0,0,511029,0,0,0,0,0
Fraser River,Late Stuart,1999,100749,0,0,607,0,92713,0,0,7429,0,0,0,0,0
Fraser River,Late Stuart,2000,849458,0,0,81,0,810002,0,0,39375,0,0,0,0,0
Fraser River,Late Stuart,2001,564418,0,0,312,0,351715,0,0,212391,0,0,0,0,0
Fraser River,Late Stuart,2002,343512,0,0,23,0,264390,0,0,79099,0,0,0,0,0
Fraser River,Late Stuart,2003,131907,0,0,1827,0,117520,0,0,12560,0,0,0,0,0
Fraser River,Late Stuart,2004,884765,0,0,29,0,868657,0,0,16079,0,0,0,0,0
Fraser River,Late Stuart,2005,458862,0,0,20,0,415504,0,0,42459,879,0,0,0,0
Fraser River,Late Stuart,2006,211304,0,0,11,0,121483,0,0,89810,0,0,0,0,0
Fraser River,Late Stuart,2007,20631,0,0,220,0,15962,0,0,4449,0,0,0,0,0
Fraser River,Late Stuart,2008,269580,0,0,89,0,263681,0,0,5810,0,0,0,0,0
Fraser River,Late Stuart,2009,124109,0,0,46,0,105786,0,0,18277,0,0,0,0,0
Fraser River,Late Stuart,2010,179647,0,0,68,0,156804,0,0,22775,0,0,0,0,0
Fraser River,Late Stuart,2011,12255,0,0,362,0,5832,0,0,6061,0,0,0,0,0
Fraser River,Late Stuart,2012,193189,0,0,47,0,186684,0,0,6458,0,0,0,0,0
Fraser River,Late Stuart,2013,227473,0,0,1119,0,218217,0,0,8137,0,0,0,0,0
Fraser River,Late Stuart,2014,311561,0,0,0,0,276384,0,0,35177,0,0,0,0,0
Fraser River,Late Stuart,2015,38959,0,0,0,0,4528,0,0,34431,0,0,0,0,0
Fraser River,Late Stuart,2016,33680,0,0,1625,0,31733,0,0,322,0,0,0,0,0
Fraser River,Late Stuart,2017,219720,0,0,609,0,214773,0,0,4338,0,0,0,0,0
Fraser River,Late Stuart,2018,328946,0,0,0,0,310878,0,0,18068,0,0,0,0,0
Fraser River,Late Stuart,2019,14154,0,0,130,0,4946,0,0,9078,0,0,0,0,0
Fraser River,Late Stuart,2020,12387,0,0,49,0,11443,0,0,895,0,0,0,0,0
Fraser River,Late Stuart,2021,468135,0,0,213,0,467922,0,0,0,0,0,0,0,0
Fraser River,Late Stuart,2022,215279,0,0,0,0,192497,0,0,22782,0,0,0,0,0
Fraser River,Late Stuart,2023,43576,0,0,26,0,12640,0,0,30910,0,0,0,0,0
Fraser River,Late Stuart,2024,101089,0,0,595,0,96339,0,0,4155,0,0,0,0,0
Fraser River,Late Stuart,2025,1861091,NA,NA,0,NA,1847119,NA,NA,13972,0,NA,NA,NA,NA
Fraser River,Stellako,1950,NA,0,NA,0,NA,NA,NA,NA,NA,0,NA,NA,NA,NA
Fraser River,Stellako,1951,NA,0,0,0,NA,NA,NA,NA,NA,0,NA,NA,NA,NA
Fraser River,Stellako,1952,NA,0,0,133,0,185175,0,NA,NA,0,NA,NA,NA,NA
Fraser River,Stellako,1953,200034,0,0,4630,0,173402,0,0,22002,0,NA,NA,NA,NA
Fraser River,Stellako,1954,910135,0,0,26,0,903768,0,0,6341,0,0,0,0,NA
Fraser River,Stellako,1955,384791,0,0,23,0,354049,0,0,30719,0,0,0,0,0
Fraser River,Stellako,1956,195306,0,0,30,0,93984,0,0,101292,0,0,0,0,0
Fraser River,Stellako,1957,176197,0,0,3311,0,156192,0,0,16694,0,0,0,0,0
Fraser River,Stellako,1958,1158256,0,0,28,0,1140205,0,0,18023,0,0,0,0,0
Fraser River,Stellako,1959,670552,0,0,92,0,602677,0,0,67783,0,0,0,0,0
Fraser River,Stellako,1960,247499,0,0,8,0,220400,0,0,27091,0,0,0,0,0
Fraser River,Stellako,1961,171234,0,0,1156,0,143835,0,0,26243,0,0,0,0,0
Fraser River,Stellako,1962,331106,0,0,17,0,323089,0,0,8000,0,0,0,0,0
Fraser River,Stellako,1963,531152,0,0,19,0,514918,0,0,16215,0,0,0,0,0
Fraser River,Stellako,1964,170113,0,0,288,0,143340,0,0,26485,0,0,0,0,0
Fraser River,Stellako,1965,158301,0,0,100,0,137046,0,0,21155,0,0,0,0,0
Fraser River,Stellako,1966,583074,0,0,977,0,572029,0,0,10068,0,0,0,0,0
Fraser River,Stellako,1967,731057,0,0,194,0,713487,0,0,17376,0,0,0,0,0
Fraser River,Stellako,1968,184315,0,0,179,0,170674,0,0,13462,0,0,0,0,0
Fraser River,Stellako,1969,238902,0,0,833,0,231100,0,0,6969,0,0,0,0,0
Fraser River,Stellako,1970,348976,0,0,288,0,336316,0,0,12372,0,0,0,0,0
Fraser River,Stellako,1971,554728,0,0,85,0,531886,0,0,22757,0,0,0,0,0
Fraser River,Stellako,1972,144381,0,0,131,0,125900,0,0,18350,0,0,0,0,0
Fraser River,Stellako,1973,240736,0,0,1170,0,235729,0,0,3837,0,0,0,0,0
Fraser River,Stellako,1974,246689,0,0,496,0,228808,0,0,17385,0,0,0,0,0
Fraser River,Stellako,1975,513093,0,0,204,0,508759,12,0,4130,0,0,0,0,0
Fraser River,Stellako,1976,711237,0,0,11,0,711226,0,0,0,0,0,0,0,0
Fraser River,Stellako,1977,122420,0,0,1823,0,75813,0,0,44784,0,0,0,0,0
Fraser River,Stellako,1978,295681,0,0,3852,0,281752,13,0,10077,0,0,0,0,0
Fraser River,Stellako,1979,1852392,0,0,150,0,1832708,0,0,19534,0,0,0,0,0
Fraser River,Stellako,1980,284339,0,0,74,0,216701,0,0,64645,2919,0,0,0,0
Fraser River,Stellako,1981,237504,0,0,860,0,209138,0,0,27506,0,0,0,0,0
Fraser River,Stellako,1982,445024,0,0,31,0,388505,0,0,56488,0,0,0,0,0
Fraser River,Stellako,1983,526984,0,0,207,0,478737,0,0,48040,0,0,0,0,0
Fraser River,Stellako,1984,681128,0,0,28,0,535944,0,0,145156,0,0,0,0,0
Fraser River,Stellako,1985,455291,0,0,1900,0,234136,0,0,219255,0,0,0,0,0
Fraser River,Stellako,1986,362232,0,0,1129,0,309369,0,0,51734,0,0,0,0,0
Fraser River,Stellako,1987,1144418,0,0,170,0,1097744,0,0,46504,0,0,0,0,0
Fraser River,Stellako,1988,903283,0,0,87,0,744589,0,0,158607,0,0,0,0,0
Fraser River,Stellako,1989,364112,0,0,23,0,97659,0,0,266430,0,0,0,0,0
Fraser River,Stellako,1990,476408,0,0,14,0,445398,0,0,30996,0,0,0,0,0
Fraser River,Stellako,1991,470053,0,0,158,0,353471,0,0,116424,0,0,0,0,0
Fraser River,Stellako,1992,648446,0,0,28,0,566227,0,0,82191,0,0,0,0,0
Fraser River,Stellako,1993,553471,0,0,1145,0,127212,0,0,425114,0,0,0,0,0
Fraser River,Stellako,1994,956333,0,0,259,0,861027,0,0,95047,0,0,0,0,0
Fraser River,Stellako,1995,388978,0,0,275,0,299039,0,0,89664,0,0,0,0,0
Fraser River,Stellako,1996,771677,0,0,13,0,734393,0,0,37271,0,0,0,0,0
Fraser River,Stellako,1997,202078,0,0,127,0,68158,0,0,133793,0,0,0,0,0
Fraser River,Stellako,1998,835157,0,0,75,0,593409,0,0,241673,0,0,0,0,0
Fraser River,Stellako,1999,216713,0,0,16,0,127344,0,0,88649,704,0,0,0,0
Fraser River,Stellako,2000,692039,0,0,0,0,635499,0,0,56540,0,0,0,0,0
Fraser River,Stellako,2001,245067,0,0,73,0,68515,0,0,176479,0,0,0,0,0
Fraser River,Stellako,2002,561079,0,0,0,0,504421,0,0,56658,0,0,0,0,0
Fraser River,Stellako,2003,277491,0,0,0,0,143988,0,0,133503,0,0,0,0,0
Fraser River,Stellako,2004,678056,0,0,0,0,647582,0,0,30474,0,0,0,0,0
Fraser River,Stellako,2005,273546,0,0,47,0,203410,0,0,70089,0,0,0,0,0
Fraser River,Stellako,2006,307985,0,0,5,0,224262,0,0,83718,0,0,0,0,0
Fraser River,Stellako,2007,58741,0,332,153,0,34522,0,0,24066,0,0,0,0,0
Fraser River,Stellako,2008,227720,0,0,12,664,213103,0,0,14605,0,0,0,0,0
Fraser River,Stellako,2009,40627,0,97,109,0,6840,0,0,33547,131,0,0,0,0
Fraser River,Stellako,2010,406363,0,0,22,0,401587,0,0,4754,0,0,0,0,0
Fraser River,Stellako,2011,196347,0,0,504,0,108541,0,0,87302,0,0,0,0,0
Fraser River,Stellako,2012,285869,0,0,0,0,265967,0,0,19902,0,0,0,0,0
Fraser River,Stellako,2013,181922,0,0,16411,0,151762,0,0,13749,0,0,0,0,0
Fraser River,Stellako,2014,1551968,0,0,0,0,1501102,0,0,50866,0,0,0,0,0
Fraser River,Stellako,2015,171415,0,0,67,0,41761,0,0,129587,0,488,0,0,0
Fraser River,Stellako,2016,54728,0,0,235,0,42553,0,0,11940,0,0,0,0,0
Fraser River,Stellako,2017,115634,0,0,462,0,108178,0,0,6994,0,0,0,0,0
Fraser River,Stellako,2018,398699,0,0,66,0,360541,0,0,38092,0,0,0,0,0
Fraser River,Stellako,2019,85802,0,0,63,0,53844,0,0,31895,0,0,0,0,0
Fraser River,Stellako,2020,57784,0,0,47,0,37097,0,0,20640,0,0,0,0,0
Fraser River,Stellako,2021,137357,0,0,9,0,132511,0,0,4837,0,0,0,0,0
Fraser River,Stellako,2022,227923,0,0,0,0,200345,0,0,27578,0,0,0,0,0
Fraser River,Stellako,2023,158420,0,0,214,0,115750,0,0,42456,0,0,0,0,0
Fraser River,Stellako,2024,104237,0,0,8,0,93019,0,0,11210,0,0,0,0,0
Fraser River,Stellako,2025,156392,NA,NA,0,NA,154205,NA,NA,2187,0,NA,NA,NA,NA
Fraser River,Raft,1950,NA,0,NA,0,NA,NA,NA,NA,NA,0,NA,NA,NA,NA
Fraser River,Raft,1951,NA,0,0,0,NA,NA,NA,NA,NA,0,NA,NA,NA,NA
Fraser River,Raft,1952,NA,0,0,0,0,62653,0,NA,NA,0,NA,NA,NA,NA
Fraser River,Raft,1953,37449,0,0,17,0,36748,0,0,684,0,NA,NA,NA,NA
Fraser River,Raft,1954,42435,0,0,8,0,39549,0,0,2878,0,0,0,0,NA
Fraser River,Raft,1955,40631,0,0,5,0,34636,0,0,5990,0,0,0,0,0
Fraser River,Raft,1956,59176,0,0,0,0,46167,0,0,13009,0,0,0,0,0
Fraser River,Raft,1957,35526,0,0,231,0,30285,0,0,5010,0,0,0,0,0
Fraser River,Raft,1958,40810,0,0,7,0,38964,0,0,1839,0,0,0,0,0
Fraser River,Raft,1959,63790,0,0,0,0,52497,0,0,11293,0,0,0,0,0
Fraser River,Raft,1960,25425,0,0,72,0,17335,0,0,7860,158,0,0,0,0
Fraser River,Raft,1961,28760,0,0,23,0,18932,0,0,8029,1776,0,0,0,0
Fraser River,Raft,1962,24602,0,0,0,0,22591,0,0,2011,0,0,0,0,0
Fraser River,Raft,1963,21010,0,0,64,0,20417,0,0,512,17,0,0,0,0
Fraser River,Raft,1964,17944,0,0,32,0,14715,0,0,3167,30,0,0,0,0
Fraser River,Raft,1965,24308,0,0,0,0,22139,0,0,2049,120,0,0,0,0
Fraser River,Raft,1966,39740,0,0,18,0,37568,0,0,2154,0,0,0,0,0
Fraser River,Raft,1967,12152,0,0,81,0,9090,0,0,2981,0,0,0,0,0
Fraser River,Raft,1968,41065,0,0,73,0,40283,0,0,265,444,0,0,0,0
Fraser River,Raft,1969,27547,0,0,320,0,18867,0,0,8228,132,0,0,0,0
Fraser River,Raft,1970,22206,0,0,37,0,20483,0,0,1686,0,0,0,0,0
Fraser River,Raft,1971,11060,0,0,98,0,8226,0,0,2736,0,0,0,0,0
Fraser River,Raft,1972,102664,0,0,381,0,100888,0,0,1395,0,0,0,0,0
Fraser River,Raft,1973,15727,0,0,37,0,10279,0,0,5411,0,0,0,0,0
Fraser River,Raft,1974,12043,0,0,33,0,8300,0,0,3710,0,0,0,0,0
Fraser River,Raft,1975,10180,0,0,87,0,9570,0,0,523,0,0,0,0,0
Fraser River,Raft,1976,59753,0,0,22,0,56973,0,0,2116,642,0,0,0,0
Fraser River,Raft,1977,2583,0,0,206,0,1616,0,0,761,0,0,0,0,0
Fraser River,Raft,1978,19271,0,0,7,0,11541,0,0,7723,0,0,0,0,0
Fraser River,Raft,1979,6164,0,0,56,0,5632,0,0,476,0,0,0,0,0
Fraser River,Raft,1980,19616,0,0,0,0,18539,0,0,797,280,0,0,0,0
Fraser River,Raft,1981,4312,0,0,253,0,2728,0,0,1331,0,0,0,0,0
Fraser River,Raft,1982,15077,0,0,0,0,11888,0,0,3189,0,0,0,0,0
Fraser River,Raft,1983,7902,0,0,112,0,1183,0,0,6562,45,0,1023,0,0
Fraser River,Raft,1984,49712,0,0,29,0,47827,0,0,1856,0,0,0,0,0
Fraser River,Raft,1985,11150,0,0,0,0,7366,0,0,3784,0,0,0,0,0
Fraser River,Raft,1986,3791,0,0,38,0,2509,0,0,1244,0,0,0,0,0
Fraser River,Raft,1987,4441,0,0,325,0,2855,0,0,1233,28,0,0,0,0
Fraser River,Raft,1988,35407,0,0,7,0,32692,0,0,1196,1512,0,0,0,0
Fraser River,Raft,1989,16868,0,0,0,0,2830,0,0,14038,0,0,0,0,0
Fraser River,Raft,1990,4598,0,0,0,0,2902,0,0,1591,105,0,8,0,0
Fraser River,Raft,1991,1510,0,0,0,0,1399,0,0,111,0,0,0,0,0
Fraser River,Raft,1992,44211,0,0,7,0,41783,0,0,2421,0,0,0,0,0
Fraser River,Raft,1993,15749,0,0,0,0,7357,0,0,8304,88,0,0,0,0
Fraser River,Raft,1994,5545,0,0,0,0,1610,0,0,3935,0,0,310,0,0
Fraser River,Raft,1995,1848,0,0,6,0,908,0,0,934,0,0,0,0,0
Fraser River,Raft,1996,65898,0,0,24,0,65321,8,0,553,0,0,0,0,0
Fraser River,Raft,1997,24410,0,0,0,0,22386,0,0,2024,0,0,0,0,0
Fraser River,Raft,1998,15571,0,0,41,0,4738,0,0,10727,65,0,0,0,0
Fraser River,Raft,1999,46479,0,593,0,0,22745,0,0,22745,989,0,396,0,0
Fraser River,Raft,2000,93799,0,0,0,0,89315,0,0,4484,0,0,0,0,0
Fraser River,Raft,2001,48675,0,0,8,0,25983,0,0,22684,0,0,0,0,0
Fraser River,Raft,2002,30278,0,0,92,0,4905,0,0,25281,0,0,0,0,0
Fraser River,Raft,2003,37804,0,0,53,0,26426,0,0,11325,0,0,0,0,0
Fraser River,Raft,2004,142302,0,630,0,0,107671,0,0,34631,0,0,0,0,0
Fraser River,Raft,2005,86992,0,0,45,365,79275,0,0,7672,0,0,0,0,0
Fraser River,Raft,2006,37794,0,0,0,0,21369,0,0,16425,0,0,0,0,0
Fraser River,Raft,2007,23862,0,1272,4,106,2439,0,0,21419,0,0,0,0,0
Fraser River,Raft,2008,45066,0,198,0,1779,39136,0,0,5930,0,0,0,0,0
Fraser River,Raft,2009,16847,0,143,0,0,6893,0,0,9746,208,0,0,0,0
Fraser River,Raft,2010,10481,0,0,0,324,7804,0,0,2677,0,0,0,0,0
Fraser River,Raft,2011,16224,0,0,2,0,6272,0,0,9950,0,0,0,0,0
Fraser River,Raft,2012,20383,0,0,5,0,15504,0,0,4874,0,0,0,0,0
Fraser River,Raft,2013,25853,0,0,35,0,21922,0,0,3896,0,0,0,0,0
Fraser River,Raft,2014,54231,0,0,38,0,38701,0,0,15492,0,0,0,0,0
Fraser River,Raft,2015,24500,0,0,0,0,18595,0,0,5905,0,0,0,0,0
Fraser River,Raft,2016,22125,0,0,5,0,16984,0,0,5136,0,0,0,0,0
Fraser River,Raft,2017,7295,0,0,3,0,2888,0,0,4404,0,0,0,0,0
Fraser River,Raft,2018,13715,0,0,0,0,11192,0,0,2523,0,0,0,0,0
Fraser River,Raft,2019,1190,0,0,0,0,525,0,0,665,0,0,0,0,0
Fraser River,Raft,2020,6341,0,0,0,0,5470,0,0,871,0,0,0,0,0
Fraser River,Raft,2021,5502,0,0,0,0,3271,0,0,2089,142,0,0,0,0
Fraser River,Raft,2022,7102,0,31,4,0,6219,0,0,879,0,0,0,0,0
Fraser River,Raft,2023,20201,0,0,109,80,16368,0,0,3724,0,0,0,0,0
Fraser River,Raft,2024,22586,0,0,0,0,21073,0,0,1513,0,0,0,0,0
Fraser River,Raft,2025,NA,NA,NA,1741,NA,50500,NA,NA,NA,0,NA,NA,NA,NA
Fraser River,Quesnel,1950,NA,0,NA,0,NA,NA,NA,NA,NA,0,NA,NA,NA,NA
Fraser River,Quesnel,1951,NA,0,0,0,NA,NA,NA,NA,NA,0,NA,NA,NA,NA
Fraser River,Quesnel,1952,NA,0,514,22455,0,618,0,NA,NA,0,NA,NA,NA,NA
Fraser River,Quesnel,1953,463443,0,0,34,0,463409,0,0,0,0,NA,NA,NA,NA
Fraser River,Quesnel,1954,2014,0,0,0,0,2014,0,0,0,0,0,0,0,NA
Fraser River,Quesnel,1955,413,0,0,0,0,413,0,0,0,0,0,0,0,0
Fraser River,Quesnel,1956,6464,0,0,5902,0,562,0,0,0,0,0,0,0,0
Fraser River,Quesnel,1957,604123,0,0,0,0,604123,0,0,0,0,0,0,0,0
Fraser River,Quesnel,1958,10912,0,0,0,0,10692,0,0,220,0,0,0,0,0
Fraser River,Quesnel,1959,198,0,0,18,0,180,0,0,0,0,0,0,0,0
Fraser River,Quesnel,1960,9474,0,1420,8359,0,1115,0,0,0,0,0,0,0,0
Fraser River,Quesnel,1961,989607,0,0,27,0,989580,0,0,0,0,0,0,0,0
Fraser River,Quesnel,1962,3536,0,0,0,0,3362,0,0,144,30,0,0,0,0
Fraser River,Quesnel,1963,194,0,0,6,0,165,0,0,23,0,0,0,0,0
Fraser River,Quesnel,1964,45950,0,0,44481,0,1469,0,0,0,0,0,0,0,0
Fraser River,Quesnel,1965,1195837,0,0,30,0,1195807,0,0,0,0,0,0,0,0
Fraser River,Quesnel,1966,7859,0,0,0,0,7257,0,0,509,93,0,0,0,0
Fraser River,Quesnel,1967,956,0,0,0,0,956,0,0,0,0,0,0,0,0
Fraser River,Quesnel,1968,16973,0,0,14161,0,2812,0,0,0,0,0,0,0,0
Fraser River,Quesnel,1969,1652135,0,0,28,0,1652107,0,0,0,0,0,0,0,0
Fraser River,Quesnel,1970,7953,0,0,11,0,7038,0,0,821,83,0,0,0,0
Fraser River,Quesnel,1971,2146,0,0,0,0,1750,0,0,396,0,0,0,0,0
Fraser River,Quesnel,1972,6841,0,69,6413,0,428,0,0,0,0,0,0,0,0
Fraser River,Quesnel,1973,1626582,0,0,0,0,1626582,0,0,0,0,0,0,0,0
Fraser River,Quesnel,1974,28107,0,0,0,0,20339,0,0,7768,0,0,0,0,0
Fraser River,Quesnel,1975,756,0,0,9,0,747,0,0,0,0,0,0,0,0
Fraser River,Quesnel,1976,5970,0,527,5114,0,856,0,0,0,0,0,0,0,0
Fraser River,Quesnel,1977,2326885,0,0,21,0,2326864,0,0,0,0,0,0,0,0
Fraser River,Quesnel,1978,33233,0,0,0,0,29304,0,0,3929,0,0,0,0,0
Fraser River,Quesnel,1979,3564,0,0,0,0,1865,0,0,1570,129,0,0,0,0
Fraser River,Quesnel,1980,9679,0,0,8446,0,1233,0,0,0,0,0,0,0,0
Fraser River,Quesnel,1981,3810928,0,0,142,0,3810786,0,0,0,0,0,0,0,0
Fraser River,Quesnel,1982,245363,0,0,0,0,186073,0,0,54029,5261,0,0,0,0
Fraser River,Quesnel,1983,12612,0,0,0,0,2103,0,0,10473,36,0,0,0,0
Fraser River,Quesnel,1984,25962,0,0,19608,0,2446,0,0,3908,0,0,0,0,0
Fraser River,Quesnel,1985,9553856,0,0,0,0,9553856,0,0,0,0,0,0,0,0
Fraser River,Quesnel,1986,712295,0,0,33,0,499074,0,0,213188,0,0,0,0,0
Fraser River,Quesnel,1987,87912,0,0,85,0,31515,0,0,56312,0,0,0,0,0
Fraser River,Quesnel,1988,43867,0,2870,28135,0,6868,0,0,8864,0,0,156,0,0
Fraser River,Quesnel,1989,12137705,0,0,41,23700,12137664,0,0,0,0,0,0,0,0
Fraser River,Quesnel,1990,2716516,0,0,11,0,2364628,0,0,334171,17706,0,0,0,0
Fraser River,Quesnel,1991,287552,0,0,0,0,119437,0,0,168115,0,0,993,0,0
Fraser River,Quesnel,1992,93903,0,2122,10417,0,26342,0,0,57144,0,0,0,0,0
Fraser River,Quesnel,1993,10340029,0,0,585,0,10339444,51,0,0,0,0,0,0,0
Fraser River,Quesnel,1994,3236300,0,0,26,0,2946813,0,0,280053,9408,0,0,0,0
Fraser River,Quesnel,1995,436433,0,0,1,0,100196,0,0,336236,0,0,0,0,0
Fraser River,Quesnel,1996,81808,0,282,1642,0,29213,0,0,50671,282,0,0,0,0
Fraser River,Quesnel,1997,6446284,0,0,248,0,6446036,0,0,0,0,0,0,0,0
Fraser River,Quesnel,1998,2666551,0,0,0,0,2263471,0,0,398551,4529,0,0,0,0
Fraser River,Quesnel,1999,332450,0,0,0,0,119078,0,0,212902,470,0,0,0,0
Fraser River,Quesnel,2000,116213,0,1589,79,0,67906,0,0,48228,0,0,0,0,0
Fraser River,Quesnel,2001,4381602,0,0,56,0,4358762,0,0,19609,3175,0,0,0,0
Fraser River,Quesnel,2002,4800147,0,0,0,0,4467804,0,0,318446,13897,0,0,0,0
Fraser River,Quesnel,2003,853991,0,0,0,0,581976,0,0,272015,0,0,0,0,0
Fraser River,Quesnel,2004,266795,0,4927,42,0,38143,0,0,228610,0,0,0,0,0
Fraser River,Quesnel,2005,3592160,0,0,38,0,3576455,0,0,15667,0,0,0,0,0
Fraser River,Quesnel,2006,723165,0,0,0,0,603583,0,0,115416,4166,0,0,0,0
Fraser River,Quesnel,2007,119068,0,0,0,0,82424,0,0,36207,437,0,0,0,0
Fraser River,Quesnel,2008,67997,0,0,0,164,6545,0,0,60604,848,0,0,0,0
Fraser River,Quesnel,2009,203748,0,169,67,0,198574,17,0,5107,0,0,0,0,0
Fraser River,Quesnel,2010,604145,0,0,23,0,585765,0,0,15503,2854,0,0,0,0
Fraser River,Quesnel,2011,121611,0,0,0,0,79347,0,0,42264,0,0,190,0,0
Fraser River,Quesnel,2012,1416,0,0,24,0,801,0,0,578,13,0,0,0,0
Fraser River,Quesnel,2013,306298,0,0,3480,173,296378,0,0,6267,173,0,0,0,0
Fraser River,Quesnel,2014,2518906,0,0,42,0,2495332,60,0,23532,0,0,0,0,0
Fraser River,Quesnel,2015,67128,0,0,1,0,37396,0,0,29220,511,0,0,0,0
Fraser River,Quesnel,2016,4662,0,0,383,0,295,0,0,3984,0,0,0,0,0
Fraser River,Quesnel,2017,145779,0,0,1846,0,143727,0,0,206,0,0,0,0,0
Fraser River,Quesnel,2018,2138731,0,0,0,0,2130254,0,0,8477,0,0,0,0,0
Fraser River,Quesnel,2019,45543,0,0,0,0,5180,0,0,40130,233,0,0,0,0
Fraser River,Quesnel,2020,1474,0,0,8,0,296,0,0,1127,43,0,0,0,0
Fraser River,Quesnel,2021,121552,0,0,493,0,120329,0,0,730,0,0,0,0,0
Fraser River,Quesnel,2022,1501871,0,0,0,0,1501189,0,0,682,0,0,0,0,0
Fraser River,Quesnel,2023,97229,0,0,0,0,32632,0,0,64180,417,0,0,0,0
Fraser River,Quesnel,2024,22113,0,0,0,0,12305,0,0,8469,1339,0,0,0,0
Fraser River,Quesnel,2025,NA,NA,NA,0,NA,508735,NA,NA,NA,0,NA,NA,NA,NA
Fraser River,Chilko,1950,NA,0,NA,0,NA,NA,NA,NA,NA,0,NA,NA,NA,NA
Fraser River,Chilko,1951,NA,0,0,32000,NA,NA,NA,NA,NA,0,NA,NA,NA,NA
Fraser River,Chilko,1952,NA,0,0,3732,0,1643062,6131,NA,NA,0,NA,NA,NA,NA
Fraser River,Chilko,1953,827622,0,0,1489,0,560635,621,0,11182,254316,NA,NA,NA,NA
Fraser River,Chilko,1954,243929,0,0,3925,0,183278,954,0,10368,46358,0,1282,0,NA
Fraser River,Chilko,1955,683797,0,0,18732,0,644911,5004,0,4705,15449,0,1424,0,0
Fraser River,Chilko,1956,1859979,0,0,1172,0,1763929,114,0,20763,74115,0,0,0,0
Fraser River,Chilko,1957,601596,0,0,12234,0,514554,2583,0,35975,38833,0,3609,0,0
Fraser River,Chilko,1958,764916,0,0,32418,0,632132,2844,0,14004,86362,0,893,0,0
Fraser River,Chilko,1959,1485174,0,0,13905,0,1407963,1373,0,4415,58891,0,781,0,0
Fraser River,Chilko,1960,2451451,0,0,76,0,2379854,75,0,31011,40510,0,2233,0,0
Fraser River,Chilko,1961,163253,0,0,4055,0,117362,63,0,16684,25152,0,0,0,0
Fraser River,Chilko,1962,322839,0,0,23792,0,278320,1711,0,3149,17578,0,0,0,0
Fraser River,Chilko,1963,2230163,0,0,5472,0,2080497,1272,0,13613,130581,0,0,0,0
Fraser River,Chilko,1964,1066155,0,0,256,0,958877,1045,0,18659,88363,0,5091,0,0
Fraser River,Chilko,1965,151311,0,0,10657,0,52713,409,0,5980,81961,0,0,0,0
Fraser River,Chilko,1966,1014263,0,0,37579,0,960609,0,0,11583,4492,0,0,0,0
Fraser River,Chilko,1967,1134391,0,0,7252,0,1112861,3971,0,13582,696,0,0,0,0
Fraser River,Chilko,1968,1871759,0,0,1787,0,1818921,1343,0,4045,47006,0,18,0,0
Fraser River,Chilko,1969,377577,0,0,26456,0,138555,1782,0,55810,156756,0,841,0,0
Fraser River,Chilko,1970,790023,0,0,28734,0,744469,1479,0,2360,14460,0,0,0,0
Fraser River,Chilko,1971,2097077,0,0,46952,0,1933329,5300,0,27636,89160,0,0,0,0
Fraser River,Chilko,1972,2390848,0,0,4126,0,2349375,1108,0,23351,13996,0,0,0,0
Fraser River,Chilko,1973,464235,0,0,16775,0,369954,294,0,21925,55581,0,0,0,0
Fraser River,Chilko,1974,716817,0,0,58786,0,630046,5423,0,15839,12146,0,1128,0,0
Fraser River,Chilko,1975,825174,0,0,42709,0,740253,13222,0,1084,41128,0,0,0,0
Fraser River,Chilko,1976,1996881,0,0,8835,0,1947465,1309,0,0,40581,0,0,0,0
Fraser River,Chilko,1977,345187,0,0,26487,0,200775,2893,0,34424,83501,0,0,0,0
Fraser River,Chilko,1978,698368,0,0,22821,0,641497,3815,0,6807,27243,0,166,0,0
Fraser River,Chilko,1979,1438133,0,0,8457,0,1389008,20230,0,4312,36356,0,1744,0,0
Fraser River,Chilko,1980,1735477,0,0,3346,0,1650944,334,0,7375,73812,0,0,0,0
Fraser River,Chilko,1981,238521,0,0,8616,0,190527,0,0,25168,14210,0,390,0,0
Fraser River,Chilko,1982,1183719,0,0,9358,0,1169034,397,0,2743,2584,0,0,0,0
Fraser River,Chilko,1983,1715502,0,0,12504,0,1615466,1371,0,77743,9789,0,0,0,0
Fraser River,Chilko,1984,4009730,0,0,1722,0,3920494,414,0,72206,15308,0,0,0,0
Fraser River,Chilko,1985,739220,0,0,52424,0,180656,2919,0,473961,32179,0,7804,0,0
Fraser River,Chilko,1986,1424838,0,0,45476,0,1355953,182,0,4547,18862,0,2375,0,0
Fraser River,Chilko,1987,1917684,0,0,11108,0,1717330,5243,0,131741,57505,0,0,0,0
Fraser River,Chilko,1988,848977,0,0,970,0,500714,1951,0,36418,310875,0,1412,0,0
Fraser River,Chilko,1989,570655,0,0,47835,0,366037,1563,0,2890,153893,0,4399,0,0
Fraser River,Chilko,1990,4628030,0,0,11552,0,4413216,335,0,184400,18862,0,5802,0,0
Fraser River,Chilko,1991,4369073,0,0,2697,0,4032356,863,0,279555,54465,0,1136,0,0
Fraser River,Chilko,1992,3364478,0,0,11841,0,2979547,797,0,316979,56111,0,5033,0,0
Fraser River,Chilko,1993,3341605,0,0,13262,0,3015024,0,0,157913,155406,0,2975,0,0
Fraser River,Chilko,1994,2507517,0,0,4495,0,2412516,4715,0,86942,3564,0,0,0,0
Fraser River,Chilko,1995,1328549,0,0,3754,0,1126703,537,0,178745,19347,0,0,0,0
Fraser River,Chilko,1996,2042500,0,0,18173,0,1773513,614,0,128342,122472,0,0,0,0
Fraser River,Chilko,1997,3479966,0,0,10606,0,3380892,208,0,78754,9714,0,0,0,0
Fraser River,Chilko,1998,1899311,0,0,2778,0,1331935,184,0,548667,15931,0,0,0,0
Fraser River,Chilko,1999,1122928,0,0,359,0,1045307,36,0,72717,4545,0,0,0,0
Fraser River,Chilko,2000,1399857,0,0,222,0,1175834,0,0,179013,44788,0,0,0,0
Fraser River,Chilko,2001,850849,0,0,1084,0,663879,0,0,159331,26555,0,2414,0,0
Fraser River,Chilko,2002,646856,0,0,2228,0,423716,0,0,204615,16297,0,1811,0,0
Fraser River,Chilko,2003,1562429,0,0,3918,0,1449980,0,0,73801,34730,0,0,0,0
Fraser River,Chilko,2004,543517,0,0,176,0,424960,59,0,109275,9106,0,3035,0,0
Fraser River,Chilko,2005,1075508,0,0,4514,0,1001606,0,0,27152,42236,0,0,0,0
Fraser River,Chilko,2006,1276778,0,0,557,0,1119367,0,0,89122,67732,0,3565,0,0
Fraser River,Chilko,2007,437555,0,0,854,0,321849,0,0,106118,8734,0,0,0,0
Fraser River,Chilko,2008,449387,0,0,720,0,388845,0,0,29357,30465,0,554,0,0
Fraser River,Chilko,2009,306219,0,0,5283,0,262920,216,0,35584,2432,0,2432,0,0
Fraser River,Chilko,2010,4539662,0,0,2996,0,4462873,369,0,27406,46387,0,0,0,0
Fraser River,Chilko,2011,1691929,0,0,2364,0,1164212,537,0,405912,119441,0,0,0,0
Fraser River,Chilko,2012,551251,0,0,1271,0,496267,0,0,20850,32863,0,0,0,0
Fraser River,Chilko,2013,1747708,0,0,44119,0,1628663,0,0,59565,15361,0,0,0,0
Fraser River,Chilko,2014,2868176,0,0,3510,0,2642848,1170,0,221818,0,0,0,0,0
Fraser River,Chilko,2015,998970,0,0,2479,0,878488,0,0,111174,6829,0,2699,0,0
Fraser River,Chilko,2016,286996,0,0,905,0,195956,0,0,87631,2504,629,0,0,0
Fraser River,Chilko,2017,463257,0,0,2932,0,426237,0,0,34088,0,0,0,0,0
Fraser River,Chilko,2018,1608774,0,0,1480,0,1555820,0,0,51474,0,0,0,0,0
Fraser River,Chilko,2019,253148,0,0,158,0,166141,105,0,85417,1432,0,0,0,0
Fraser River,Chilko,2020,77357,0,0,1149,0,26869,0,0,48227,1112,0,154,0,0
Fraser River,Chilko,2021,1139303,0,0,19531,0,1106873,254,0,8291,4608,0,0,0,0
Fraser River,Chilko,2022,1607258,0,0,83,0,1567092,0,0,40083,0,0,0,0,0
Fraser River,Chilko,2023,461898,0,0,877,0,387637,251,0,63294,10090,0,0,0,0
Fraser River,Chilko,2024,189710,0,0,3987,0,156982,0,0,15162,13579,0,0,0,0
Fraser River,Chilko,2025,4066719,NA,NA,3757,NA,4038543,1878,NA,9392,15027,NA,NA,NA,NA
